
INSERT INTO `azienda` VALUES ('09ed9e6d3bafd208cfebc739668265d4fda8c92bf3c6a9b5d63af9d3c2fee5e9','1','e0cef88b3db15122f5fe3a0774ab569d519384dfa3c8eca59a92cb4b88ca005f','53fee494a33501c2a08306b52fc5ec43a47f80f7','http://anderson.com/','http://www.whitepfeffer.com/'),
('0a41641f2c7da957d9abff9051c9018ac9bfa942c038b5a8c1f94377a53895a4','8','deb4f525f6fa33faff2ac237e307ae0c154eba59c2eb3f4d8f1c4df7ad0c1f56','143ddf1e5f5c687f70838b104c8884e249e40056','http://www.cronindietrich.com/','http://beerjones.biz/'),
('0ccd1c6ffd825bd2a32c67e76646714a8f830ba09054a88b90bd70e2f79e1eff','7','7d4d02d852e37e20d5dc87730c20cadefa4c78eb330c3e0bd8cbdd73effea90c','5b4c43b2ae7688958057017326ad41b467c08b7a','http://reillymorar.com/','http://mullermosciski.com/'),
('0fe654c29cb3c2139d4c1effaf3bbf2bedca1ca5babb4355a863889cee0abc9e','6','27f4ee2a6ac5f810bcd30667adfb9be4542e6306cdb003025075897dc3dfbe9f','e46139c845109c61b269d2c4b797404f966f3cc2','http://www.monahanboyer.com/','http://www.cummerata.biz/'),
('106282b345e7b628b69efd6caeac720fd4b3479a51208eec64f46fa73f78a560','2','f753adbe4ca6b4d6bbdbddc4dd9cf6a5b279a409c9d3026bcd0fe24506a89f1a','599fce393f3c64f47ed057799253a4224b19198d','http://www.thiel.com/','http://heathcote.com/'),
('18ba30fe55b041fe6cc64a3f2cce60cce45b15830f4275d84434cb02624058a3','4','8a9264662ec19cb6645bfb31da8f426a427b75d588d38a16b3b1a303d3ab0e66','dc4f23b30426783d90922971c126b4fc991310d0','http://www.hesselswaniawski.com/','http://www.erdmanmraz.com/'),
('1991b7d4392f7b49d567b2547ed8781b2e38d8209d1afd9e7b0c8ef1a5ee0594','4','d1d9d3fa9fae3907ea7c60542fec2a8a513e40f673093940658e9a5e597753ac','a78c710685d3356ff6163ff87658be6131b06ce2','http://gislasonprohaska.org/','http://www.mckenzie.com/'),
('19ccbe1667111de4bf62051a8b8f92bd6550a7e3a31de9ce138463cd238dbeae','4','7d12180702c87692f1144f03de20e47d4b7f97d61998be09867a78605880b0bf','34c1372ff265b9a41b6b50d3997bc77faeafe57e','http://mcculloughgerlach.com/','http://anderson.info/'),
('1cb29f1173758117e64d9fdb8f7feab9138774e5e806f65803e1213ecb2c2f4f','8','7bbd6700c8b799d3416381cb7eb04c68d4490160b8467ad87a19c3c9f99c4434','867abc5571db46ee14b1629978cbfc040bd1b9be','http://vonpfeffer.info/','http://beahan.info/'),
('1f7aeba52ab84ae80873763a11d817c798456a2fcfac8df419b5c9778ea91e2f','1','6b498d6699b26f73cce72e00441055f90bd76f7860218c2708de02a7efff5d0e','df46537bf87a56dddc6dabde29788fdd29804d57','http://langosh.com/','http://www.lind.com/'),
('207690f91b656e1553f593c6b8fdb29afb65ee0a7922a070c86aef6c8d631d24','8','f0c0b353ad85ec9c2b69815405b8fb5e21450f3e0a385a1cd707963154c3e688','15915842106b59e7e1ad87d29c7997a8da10d91c','http://kuvalissmitham.com/','http://lindgren.biz/'),
('216115f032cc0936154d6f22d190551ff6e48d5051c9fefedd0301438d4f1f7f','0','f07f487cb4041f3e0579fe3c787090739726f9ca0852c58fa133f5c9f2dce1bd','9429307efa245d5713dd4f337b6cfaeab962208c','http://www.cruickshank.info/','http://www.colekrajcik.biz/'),
('269218e971224c9d4695a05cec225d6c8ea44e8a49119eb5d4f7a2127c097ec9','9','4f434eee6198f91c8ea977d83dfc197f0d21207493b911fcce968588195e2fb0','40aa73c14d8229039de940935559217449730e13','http://www.runolfsson.com/','http://www.schmittschuppe.com/'),
('26b11b6e54b27583223953c44b72324c8140b7dcbcbc4330a92a023ec493935c','1','06c2bafce34f57384f6bf478967f8cba1f57732d7b07d43d7ff5029e808154e5','20194a0e219e19cc2c7c8c3663d0e8f7667467ce','http://fisherklein.com/','http://www.crooks.org/'),
('27859a832ff2702b0926dd1ae0b211070f89f6b46bf5c0048a53e0c6c009aff9','9','e8118a24bc4609449426f3c48a7171a4c33489c3b51f6058a15df2210df6fa1e','91cd01461bd0ae34f31d10e5e9d233d1e4c2dc2b','http://heller.com/','http://www.vandervort.biz/'),
('2beb74df04b244a7208f377fa802ec91cd1db62d5d15074cde2025111a5c023d','6','46593c6bc5c21fe6d92092eb48fbb0df523fb31b1282fe0aacc2d37f1084ceb1','b2b1217bdbfa1f7a10d9c6ffc88a7dfc9bd97bd6','http://becker.com/','http://www.smith.info/'),
('2dd165d5138393c8ab7614b1ef3cd367e52cd52df365432b60f45e6f68110d7a','0','71e8e742657214766f7be926431f5c4189053552cf34b0e7d49029631987ec1c','b9d25c4ce5669c5ffdd6016368398bf59e26323c','http://www.borer.net/','http://howell.net/'),
('2fa6c3017ddb8a15cfa14d31415704b39be00095674dcf23bbceec73c71fe211','7','d3a73c3b8300776570eb6eaf9cb80cd60ae83de5aeb09946aa0fa78ed3b320f7','8ced2c54c03c95ff4d328645c922a1b0398db5ae','http://www.kirlin.com/','http://www.yundt.com/'),
('32200e6930fc059aefe87ce6f96ebfa7796e8f9fed4575aa54cf1a150747a3bb','2','24b27b2915c3449b1ce7b0c69a5391dc55356bbb8ba6d4906149515583de5de8','b863f32863ac5f14a5677bee7e819164b2e4468e','http://www.walsh.com/','http://grimesbaumbach.biz/'),
('3321ad21ae92f867812eb19a42b232941919be9e3f51840a5fa93ee18f986485','1','962e825972b970ddff78eb5568b557518138ccf2704291a453f0fc5555d84a09','9bb95d14c42498b798627e2f7d11d26ea6aea80c','http://www.leuschke.com/','http://jacobson.biz/'),
('34b42e7b16d4162d77f8ad6de4f02c504bcd3a99c2ca8b1c475d3ad480f94e33','0','620eaa024c845bf479ba5d82dab71523f1064f7d97e15e68d422d90165972835','4e177fd6e02e47f1c73599908d18ae964a8936ae','http://wizabarton.com/','http://gislason.com/'),
('3e41b87ddc1b1edcb160fa52d2046b085c2d083cee2b3714994ac4bd72b21ba9','9','2ef41f66f3a6663dd650d34f91aba1f1e0f5a0691e6cae7e3b9a36c78472fc2d','f1ac94981f1362e4b1b895f70eeb8edcfae78952','http://rice.net/','http://parisian.com/'),
('3e5b3d2bd3950faebc3a8170ce8954d71340a3f936fb9501adfa10bca7ca2ac6','9','1b4364b72ea800bdcabf446463975d918036b63b8a09d0b4865e3bdbb6f08bd6','ffa212457d9621fd02d9a058f332c055e911562e','http://larsonwillms.biz/','http://rice.com/'),
('457191b7be38835103b70e1bea3c75362ec9086ce917945630d06e54dcd31d2c','6','77f5a372c5f3e64b1b3c68d3c14574df67e78c978257d439ad1748e81c7c7f48','3308ff0c18c8a574273c1b23c18863aa8212a2f1','http://www.romaguera.com/','http://leffler.com/'),
('4bbbaf163d67baf072eb63eae7a0a863fb5f1da04a8ea76c6f556bb5438e96ed','5','f685186a7402b74bc5891fd74260121a7dfb97441a46dadf3bf963e97c3647d7','aacca7abc3e0a91a875d97bfecd2413f16d47997','http://kertzmann.com/','http://www.kuphal.org/'),
('4c3aabf2107bde6f9162d820cdf216ebba1d96338e3c5abf74a349bd233435f0','8','db3fbc4a380caf81a150e33c2a9ac7dee5d53849d32f88b81cb89b022288e43d','b4ce06e20ce4381cfa81b15a3a5a82d9c3553c86','http://www.quitzonohara.info/','http://www.bins.com/'),
('4e627669af20d3703042a82d9eae92523dcfeee7786e2f302fa166e539fe3511','6','1fd72fbfe1a8035efb7172ebfef8b2ed6d2a2689ed5258d4e43a4301caf82de8','6f0c2221c02d098694c3a03fb840ed272fbbddec','http://kulasmcclure.com/','http://www.sanford.info/'),
('4f21aea2779c8c27473f5e3b816ac89ce544de97361c5b45fa569877a9911d90','0','c0b97963c7212c9a152b169b027c69f9bcf0ec4ce956cbd084df5fa7e03d3bb0','8dd958e07a0cdb84227fba669d48a9659ac91b91','http://weberbuckridge.com/','http://www.veumpurdy.info/'),
('5450e0daff844770e005f9cee9f73ad3ba1a5450b18574f84f44a8920d3627e8','4','3886db53c11df91e888fa5b62413a4eb18365bffa70b6857835c9b057212cb5a','f47b61fd4f64d378ea2891f55a12d2193ea7e78d','http://www.bayer.com/','http://www.yundt.net/'),
('54904f5a63b54cab9ea30c920b9a2ba23817695f9f14faab2dc72eace2e62734','8','96918d7e35cc3b27280f6ed9a106a3df3327a64376e1934d1031510c7f6ee3ec','1ac0ffc2511e331b6407dd178ae34fbed68a3d92','http://www.faywatsica.net/','http://www.ruecker.com/'),
('57c6dcbfbcfec07f0100979fecc007d4c9e2656bf5d5f8eb8f6853b604fefdb5','4','f43081cd438e8da43d81233378c398850107faecb6a31c450e621d990014ab52','1f9bce118a723937fa43efa9ecee2c9b43e6ccbd','http://www.kuhicbartoletti.com/','http://www.zemlakrussel.net/'),
('5dc0c584cbfdce6dfd335c43238ab35a4268e71863cb4090975e3e46f4083ff9','9','d2f511d6b5dbf75587a9cde6199e32a2ebad259cac00125cb3caeb2b2729db10','f8a8847b1d0ae529947e71af072131a99b9b3332','http://www.schmidt.net/','http://www.metzkunze.com/'),
('5f223af4cc6943b3287823c0f8d6c39b1782705f68fe2b519c1a92eb09c6a903','4','d6ffa968726943294235581cc32924f85365a6a53a1b758850c6a91e56f4910c','4d88536f5a5dab573ba4576241603d625eda9ef4','http://www.wunsch.com/','http://smith.info/'),
('61bf09c67d3ead3be6245b1b9de282091a28e87387275a3106f63315899ca1e2','4','0c186240390e47519fee4e0146f5c3c5860f21e800cbf6cd151b9fed2f3affc9','1079781afa81b3e052fff2a4e6732dbadb192195','http://kovacekpowlowski.org/','http://www.schoen.info/'),
('6949d5abf9248bcc6963463f7511849ee421536bb1e429781b1ec78d57bdec5e','3','fce9106d6c392c4431e32ff64ca6e845a52d891f810a3ac13c310a3fab0757fc','747be34fb78da0b8668e3a1018609a4a502de6ea','http://www.gerhold.info/','http://ondricka.com/'),
('6aacd5f96fa2873ab9331b489ff6e000f10248969b983e8ef1d5cf5e8a66fb2b','7','e83c3d1bce3bc5905993e9a14c82f2363502c165441088c18f57d3a3d6bda33b','fefd09f9aa04155bacdaa4b91d667a0ce7e09c2f','http://keebler.com/','http://www.wilderman.net/'),
('7106400e66bba7e0c6f6f5c98b133bfdb0873ffa7325acbeab9e41ded2a5ef57','7','4355e8d8af5f7b9f34b68783238a553322e0337f496f33b3bb7149ea3de662d1','6ac20d0012e28f90820e0751ef44d1b64d945999','http://www.connemmerich.com/','http://reichert.biz/'),
('7395a9b790113b9e0da866c09dc2bff4601324f5b37439ac459ca8c67803f78f','2','2a334ede1376c3f0a9ed365aec04c5f292d82f6b6d6dc1467dccde20a7b8a45d','bcb08e014e5c5efcc10def4ff9bed3501a4a28e7','http://larson.org/','http://www.hills.com/'),
('73c360525d50f1f894a294cd45a29d3c4a04ddbd0046adc3e87d4e41fde3a47b','1','a51687ff254fd70fabe5f1bc70ad33f5013783bf7bd4cef30a5033b7dc70a575','07c8e8b237c0d78c233ee28902c5477ec1bfc222','http://thompson.com/','http://www.schaefer.net/'),
('767ac47ae0544e2343b35d7ad56f73035531ee2e4a45487a8a6352ea27384807','3','8ff27ca564074a41f57dd31839c06ed98bd296ba1c20d9b23e27bf7d66ce2747','65eb3f6681b5aa34f41f55529bfeedb0317ba441','http://www.kassulkewintheiser.com/','http://www.weber.info/'),
('79e1915f69e9bf554b3d9311d307b44c139d71a3e6380cd3c3a113fdde55a6de','4','68ab6daea773da37488cefe5e4ade094cc5ef38e5066c2206a51a7ee6297483f','d4f91365a39a47968b9e6d2bd6053c1a93f86aef','http://mckenzie.com/','http://www.tremblay.com/'),
('7a1a54dfd1d4cc013d0303fac01998a8dcad3c0dbd0f722a2b8158098ad2ade7','0','1af1ee93edd5e2f898d3dfa6c6cafdfcc8283b41848425d247b7b2bdea5bc54f','a50475aa567d538d679e99a57f804297b58b26eb','http://schumm.biz/','http://www.weissnat.com/'),
('7cf64c3cc4531271351d1e92d475f87957dd1a4bc085b6114a4428e141e115b7','2','58d60272739771bc9115a7b903493f9c587db6558bb96821936fb6afde906f17','819329c65fa1215897025a3e3122ee430b878461','http://www.daugherty.com/','http://www.champlincruickshank.com/'),
('7f1c62992a02b4b9b9e5174f8b0a3ed1e867d1f94f6615eb91b41a69b9632ecb','2','b280d14d9d450ad5d8f757b6d9f8a625dee65279e1befc163e3bf82d63b1463d','08c4a46177ea9a9142f3879d3a72fbf5f8160b9c','http://www.fritsch.com/','http://www.hansen.net/'),
('8135ae402ad6a7d9e8845a18e99bff5db8394147764d8e3ce53fa85246772596','9','c941344ac9deb1d5bfa8594149b728f3284f037fbbc36f815809ba1c42a591d8','a991583928365a8a639a061ac5c44db0a7aefcee','http://oconner.com/','http://www.lindgrenankunding.com/'),
('8201cca27126ef493364a4357fb14d5225d4af46384f17b0d244b50e6abca87f','6','b454b5229457c476f5c2a09b3400331b7872a3b45c3222f348c5ae84e28afca1','c3fa34183dacc312220f943ce7875d5977ebdca0','http://heaney.com/','http://www.price.com/'),
('824e06a40438cc147aeed1d6bfd36f1b36ce81b8d0a663234aad0a1f61bf3857','3','27ded900ff890f5d9095adaeba8e07212bcb7e9bdb6fe05466a8a0282dc321a1','4303eba04891a2bdf9499139503ac98874ed68e4','http://schmitt.net/','http://harrisgorczany.info/'),
('83cc2d833180e98c90f7f87193ad50ff805aa7e5422c667b43f42a38979ae7b9','6','990260efaac825d8811a9462ab2a3572fa7f89bf8921480fc80b99ae8bb9165c','29c607561ebf1063909a0cc0bbef60b8d58ad6c9','http://www.jacobikoch.com/','http://medhurstpadberg.com/'),
('8bfc4c4ab73fbedbe1ee677788da6fb66dc3ea7d9101413da1e16932e063acfd','1','3c9235cd7358f82bcd46ba799f9eb9b4d0c43efd042c5dfdb49b4f729e062dba','da8dfb69fed54e387ddcc44670e180d85cf88e34','http://www.langosh.com/','http://www.oconnell.biz/'),
('8e79c90a99667e893b20247dce8f25266871cdbe6b991b37a8b66f3f929a1b8e','4','eccbcf7f3afa823b19db201c268c0d4eef668716060e9678c5334ada697927c8','051d1f408083ab9f43c53228902017f965110871','http://www.schoenveum.biz/','http://www.howe.biz/'),
('9180932d52f81da58e67ac91cd44ba83983519e696bd339630b21302a1cb9a8e','8','0f50ff3a2cc77cc0700631f70f1afe9e5df0c57516d896e46e0372238375c8fe','987c8c7db5f1660da4407b7195e19348fd0c0e61','http://lueilwitzkreiger.info/','http://kochernser.com/'),
('927bca9763ee965db1e04ef00cda264ba417df260560a5ba5d84a6196365cb4d','1','a9742f6c2d09dc7b6569dcc7c45dbfab269c366b4b5a9e03d7b456929fb7d6de','79c0ada45cc00f0416daa31cf73156170d8445e2','http://www.schuppe.com/','http://www.robel.com/'),
('93edf1070cb557e637a796619e287d35a3d490ec5a480b2cdba6ed63cb209ed6','4','395476810079d368fbf13dcd0da2cfaad1f3eb396dc8db1ab3543040d35dbc1c','7ca66d6465b48daafa7ee10b0bb6cf8cf89ea04e','http://www.osinskimacejkovic.com/','http://fisher.info/'),
('982be719ee49c48b364a1244b71ff19a36124031f9105b01657da34302ad73e4','2','94e370c674cb3d2dcf95142b874b98e6c00e474f8108ef29b594f1c4d242a760','18d76d69da9853302b3a0b4b04dcb7510cfd6c00','http://daniel.com/','http://douglas.com/'),
('98a218161f04af3b0ec654b7d9550cbf7aebfd845d682312debfb8429fe12d44','7','0aca38b5832e5141f00fc734d87075c5f689de93caa0d3188329c3faa7e7e726','85efdd8f6b6e61c32944a89d83a037b24cfdcd05','http://www.hellerturner.org/','http://adams.com/'),
('9aeb8f9f78bbb21876d788888e0f0538c5c710f679bb10bf4fcf8b1a3669ed03','1','650a7994b620e62b64660942a12d100d46f83a1cec776070c92aa1b552fdaa66','8129d3501e8b523a1bc716c3a50e1c2589d18ef9','http://www.littel.info/','http://lockmandicki.com/'),
('9b0cbff9b73c7184c078805a2bf368aacc8b8f6bfbe2d344eb398d723d2add50','5','b007f26711366ec93a88b7f733dfb3a6a087ea7141b44fdce8c9d3c8a0e05deb','b193ec8595d417033a45365ff01dc7c3d44d7b19','http://simonismante.com/','http://parisian.org/'),
('a51898c70a5319d3ae508ba3b6a9b3e4b3fba27f629255aef75b9b5bd839ac36','6','044d18ae823ffc6ebd7acbd93ea8843a5d0297c53960ef70b8ac9595a875159c','27ed70678a095b4d137653cdfc59e38a76c85490','http://www.kleincollins.com/','http://www.larson.com/'),
('a58d3a021639b035f60c3787dc8fc23b2a916ff920ba60c03b23f7751f8ca84f','4','1f1153e0841c2dd869521ec6a26cb7ee6ebb547aa2367ed861d5457eff4c44b1','02949d05f7617998c4bf50b885a2ced0b768c725','http://langosh.com/','http://macejkovic.com/'),
('a64d7b7379ab9332e614bb349aaa43cc62e98f49d69bfecbd5786ce2682be673','6','1a42c41673f226b6c31f63646fc688249bf82a3a4fc9c784f3ebbd206661bd70','cc372559ae2bd2be3a1be794b3c6570a0003f7ff','http://lubowitz.info/','http://www.kozey.com/'),
('a7735a33b029ced7a105eddbe84975620f0ca5abe7315f48b3fbc190af3df960','9','2524fa31033cebbec96bc513e53a1af74391f7f85e1b737094ad823fd50c61b5','dd98791a897d8dbf23597ffd41f1330dc2c15e29','http://predovicboyle.info/','http://www.okon.com/'),
('a814c44092171e6015edd8f38a7f3b85e6459088b6b722aa60c85070280b0622','9','8fb0cb42aa381b34431894c87311df5707060d1d85c7adcfecf8adb5c4e1339d','5b366b2a05b1414f21c1d533d13422f81ca08c7d','http://brown.com/','http://wiza.info/'),
('aa7f1f2b8c0ccb2617bf7810d6349e41dc3546a2a22bc753f5c6702cfddd3c8a','3','a6c6af912b4047cb33dd81ab7d5ad364f609a2ee217d951b205856b8cb03dfb4','e9d3d4c17e65ea200150fcdf3a39b5cedb438054','http://www.kilbackblock.net/','http://abshirereichel.org/'),
('abccc06b588ba7ec4443c8f4f4853cf4c5125aa1fa019898d86497b4e44ba726','2','98d9d32a35ec5b1790213f9ed153abd6569e734a480102564e200197e9512a78','9c30520556815f32f5b0f171fb37bfd1c04e5564','http://www.bogisich.org/','http://ornwalsh.info/'),
('afab3fae3efaba6e78b01d80b123caf57b1c9658fe269b0b31a641e791c0464b','3','55f25bdbdd36d9f8732a5d6a2a839af21a935e14708c99784e80a438724fcd1f','40e1066b60148ce5116dfad2ad70a3ec00a46554','http://www.toy.com/','http://gibson.com/'),
('b0461386be6418a1df01e3cba76abfa098c3e4cbbcfaa0b30e6733c0a57a03be','3','a07bc008aafc3f7deeaa13388908c330d7c959b47b9b8f79afef5312067e7307','cd45e9ed24939ccd1e6ee5613740f46dcdc2134c','http://www.hayes.biz/','http://farrell.com/'),
('b32f4f86d32607d81078c75fb9275393fb10db57eb690e104bf02dc143907172','9','d405d538958323d4ceb68e8722ad442693f230868f667476533689c4a34fae64','420757784c358dcfd990f08e02401e2a7219a081','http://www.hammespadberg.org/','http://brownlangosh.net/'),
('b4baf150d6d49fe38ebf61d5b6d188755d21c679859a8543353ebbed1eddf4f3','9','1d90bb303f192fddb5c5c4f25cb7676ecb0d79dc1708b946b2cb8a0d9a20770b','feaf3711849f2820fd498c0528468ad7976745e0','http://murphy.com/','http://www.turcotte.com/'),
('b5e7e30ec8abca1a6b1e31c957d43f4e2282030340cb6003ae0cbfbd243ecc57','4','14d01bd615a0d0d7cca87ede2d6083fd7f51bd735791ac652317aa608bb8409d','b5cae84aad072a86be4ba6d3a92ce701b131c812','http://considinekertzmann.com/','http://www.wintheiser.biz/'),
('b9fd99e490e105eb3926b25d4ded43afb90433f036613558c0cf682934afdf50','7','d0190eed11553ed365161041efc10d7e90bd9df1022931605394fdef2fed8338','f9e7a879004b3cff73778facecd44edcf0038b9b','http://www.feest.com/','http://www.jacobson.com/'),
('ba1c2373e79dd20fb0e6a3d99d972023e9c8629a99967346a353f97c7fd8346d','4','4996cb8ef314d02999a1a96a8a5428ec9014aa288d4b20c9491a6b989b4a5256','02f2528ebba5cee83878647ba64551284b23e8e1','http://berge.com/','http://oconner.org/'),
('bdb19081d0d6d82104fcc9101fe0249ef89c3e3189ffc6fe5244333a8108bd2f','5','c7d593c1bcab1677329382d51256b340ceda19a69b1f04a88590c41994a36a1e','d81f11b396a32302bd93081ffe69c99c01de3551','http://mueller.org/','http://www.johns.net/'),
('bf2f9d26b9cf7d136de66c51657e81265aa6ccff162704288dd59a4dcfd7b04b','2','2c954213ef077746728b2730c291c08e7e36ad8e4483ea44b0532978fcb60e95','79a316cafce3f1e9b38d3d52ee1b1cfac5b140db','http://hettingermarks.com/','http://jenkins.net/'),
('bf825946b8ef04026be7c15c97c0642e8fb63ad8af2af5b1dca236ef56232366','8','b217c4f93949e2f732b1de9e34eca910000842ced9d7ceb00745f7eb983cefa7','861d679893fa81264481d1e334de3ef9a44cf372','http://denesik.net/','http://reynolds.info/'),
('c2defa2814b29f948d6a7ca2ed098d4dcaea0e6ca594f07372500ed1774aec5c','9','d4a33f9ee9c0a76d00e45d2a6c5046b21ab35303d0bf332d55da1822b2f50031','b8a8353e7006fa03acf810e53af19e3263d42afc','http://www.simonis.info/','http://www.ohara.com/'),
('c779f469199919f7e3d66714a3a201279fe65ba0558505caee2a311393702215','4','e250f418e153d2cb9b1bba1f505fe8714e99e20e1c8f196430b9373f269add57','b9c054fd206e4728b6ae0c0973714747f0174bb7','http://www.kozey.info/','http://www.okeefe.com/'),
('ce3f13df2d2e9c87bd9073c0358d3947a47324d0707f3927bfde72f929f0a6a3','6','d8ae5c3a1da87b290ee1bdcaf68c2ac7540bd2323040dfafa09c24028c43bf2e','d18c49514f0c51846c300b949fe6ab234113e61c','http://www.dickinsonheller.net/','http://oberbrunner.com/'),
('d1619c3309aad98920559ef15809f7ca1a42ea2805397ab4fe413856ac2823e3','9','addacd6da9760669dc24a78e4f7d5bba1d8d52ca4603445ca4b1845328bccf44','cc35c2d06575be349e08a48c4454bc15b1150df5','http://www.wolf.biz/','http://www.browntreutel.com/'),
('d539162fd34fc9e60caf3438439a14bd91c4d1d4875226dbe9c8d7790b048605','7','3954b40820c3a2d711c2de2347bffd948820da3443bccd65527d1e9d64d7af69','79e6605d7b307fe5b5116f473a7160842ca17d82','http://schroeder.com/','http://www.abbott.com/'),
('d7ee0ac47b778d3ed9dfcc058378cb2d71108123f68efa637690b85f2da5413f','3','4ccbd540429485149d9975a9fd54e5eb55fcb5ada35b6419fcf708c0842599fd','f15fdac69a7e4a0ffef60ed7f285d613a2ca16a3','http://jones.net/','http://www.pagac.com/'),
('d80528542bfae23404f29db54cbffaa07838d744ff865e411ca7d1adcff9e9df','0','c339827e740a43b6ef84672eec7d61dcb32d25a0942a2df6fcef0f1ed684c7a4','cc80cdf4fec7a51bd89c62c75f4f4ab492701604','http://windlerschmitt.info/','http://lehnerfadel.com/'),
('d9ad2737d9c8380f8ff231726ef1f181b505e67f6691a3a337f37d70248957d3','9','11cda4ab9a152f2b8718a60724f9d6be7ef33ff3752641a55afd747d92ba335e','e7876448737e668d77063534ce87bcfb0e418689','http://lemkepollich.com/','http://wolff.info/'),
('dab574f550385fc6919d1293b041ceca69ac55f264b441174ab2017ca3cbc178','7','8ab5ec5ab16b357bea415a202061c5d814181e55f6b1b71fa7d6dac890f1d306','ed5f6a81e827c34d5827aeb3c148fde279f54f31','http://gislason.net/','http://carrolloconnell.net/'),
('dada93af533bbc11a025554c5f4436922366f0b43870b35cfc8d182890172b6f','5','0a69778acc14003ae1abd7b2d18ed47fcb70ce5d889234e041893084f9f5ddce','c83877891aa117d9ffa96fb5aa44ad89e86dd4ea','http://www.dachbeier.info/','http://kilbackrempel.info/'),
('e2a705e046a5be2eccec974b30a118eb9988ca1c0ae78d7fa60342bef43dc137','2','45abd14a4cb13e5a4dd1a151902e23c0c00d3f528c4f24f84bba2b1abdadcc08','6479ca52a2d58887afd37ae7bf5d08e6be393517','http://haley.com/','http://heidenreich.org/'),
('e59f4759ba92bd00c16927fa0a915fbdd28237cc928099d332af85530bd72d6f','5','53a8e88e1860ba8fda0d978608c850310653040822c8a34fcdd4e0c6f72a3cc4','ea2db76b3dcc5c8935fc4f37b4536898cd64b163','http://www.abernathyhowell.com/','http://wolffkutch.net/'),
('e6dc6fb43d3c8292d3b21a67c12b094ed89fb247c9d3a99db64941534795d32c','0','8fc2152e9013d24ec9999b901f8655aa6f765c0bec15cd12bedd6226c49ec6ca','b1d1877c9ac5bc5d670b49d6d877daf86eb13c7f','http://www.fadel.com/','http://reichel.com/'),
('e77a440de7c327b613b6e6eb46cc047d05c480f7ee5b50995018caaa77236e99','4','e39bb860febbeb5e68e5ed0bb59ef10454f46115f02fc2c310f9e01c48642474','3eebe8bc6b21d94048d5a8ba7f5c355473a346f6','http://steubergibson.com/','http://www.schmidt.org/'),
('e96712e7634240ca8a4e22b70fe0168e3f656403c3d44f5ec73c317eb56cf3cc','1','b40ebd8dadba1c437258714615f1817ceb8aca5b6f881e0be6562fbc96f780c8','0f4703b86bae3fea3f4c034e1c2d2c4cfee4e708','http://schamberger.info/','http://vonfunk.com/'),
('e9709f332cee6f4f34d8a5a5e42137aed02f4588ea809100e1eb6b8d70884d86','9','b68c85dacf117393698bfe82700458ec8c88f4594c0f6154014338167c70749c','19ffa7b2997be81513a656566022c685c9121178','http://connhintz.com/','http://www.jonesfisher.org/'),
('e9af99b7ce2280e7822d86f645f4936d49c1220ff35b10bf6efdce242c9111af','8','7eb80201e458fabf98a4a957472d31ebc1d4e0a6b7d9095cff3804d2ffb38901','34c78a8bb8a220c6b85d88e44514f9efcca34689','http://walter.com/','http://blickrunte.com/'),
('e9f2c609bec63d9f2a219a3ce0b8bb2018572d4e3bb3064a7f195ee654301147','3','7b5c80f6677ec3249aec51013b75818a35bda55eacfc187d447b7f68e97792d6','df5d8124976bc5f55db094f56f5d2f1b7146910b','http://www.bartonstehr.com/','http://murphy.com/'),
('eb4cd64b258bf87f9a04526331f5a197c4d8fc9fc947223ba2f49812121d249a','9','ac5470506869c30c81e007ddad3bc4b85611d55ea3b15e11c51710aff0b8e480','d038e5fe9c31d4191112c542e72f26a68f0587b8','http://www.abshire.biz/','http://www.legrosdamore.com/'),
('ec5cd9e43a29684eb94e70f9c53f8381d966e782430f1bdcdcaa045951e0b33d','6','29b735d7ef1098138c8e578349ea02b3706cddd6c84191d060dbf9c5e84e53f4','7af15a33ed2619a35aa76ebd96f8f39325d6b5b4','http://smitham.org/','http://www.emard.info/'),
('ece4b406964b28f128a2773afce75c0acaf76c628e105b6ec924857055345fb1','6','110b8a2a9f04219e9b296833e4637af55b3d18744169f5050c0d64cd4916def8','9a02be8b22013b1efbe50ab25d84f8a7a9f7e2b2','http://huel.biz/','http://www.denesik.com/'),
('ed1a0b1d89de2e50009ddcc32e5ed4dc4c5831ea4257456bc62d29e7d39541fd','4','33db59accbe81de67e03b10a20a88c9b69459727f09a8238c9cbc0ee8d23f7a2','76b9dec23fa4d1dfa3ccca81e47ab692361e95af','http://www.lakin.com/','http://www.vonkohler.net/'),
('ef2e0c2da35d70da3d6d33ef1536d11debe8733398924f7217aab2f937c559b2','3','672646b53bf80f893f41e5241abcc30e7d31a07bf226846e5d034540d145fc0f','0f5768ac62e0b92296b003c77aa99a252addc88b','http://www.bogan.com/','http://www.russelgaylord.info/'),
('f047ce6ac0141deca6ad6d40c34b81c3c2a8310876c8e1a1f8d226cd055129af','2','8213e346af94421c30457d246b064e09318decc9f83ac18c46c99fbb07c3f991','af771bd9d09a857bfbcd494ee92763cfaee229e0','http://runolfsson.org/','http://effertz.com/'),
('f6286f09c4ebebaa792634c32c57c01bc1efae00e177a337de62df2d9cd32c9a','2','8426d4dcead64bdf5acf6e44d44924a824ac26d4e85ac1de76f57fa98d6aa0ac','a1f9179747f86ff67cb4a21628603047f676076a','http://sawaynkrajcik.net/','http://www.kozey.net/'),
('f7a0a915ed1860092dd053e94dceb4a9c1fb2ee929a95601a9881052dc0f4709','6','3384a847a24316d4a656d4edd1db2d0e21f0c9d56c519ffba1d00c2313e1b1e3','2f509c351475cbe74559bff217b5b56c12fa7b09','http://www.bayer.com/','http://www.koepp.com/'); 



INSERT INTO `progetto` VALUES ('10001','85053773','fdc4869f5c859b7c172e1277016f6b421042736b0b6c1a1cb82cbf4a105b9b9e','51e1813e81767e31248591e873e6e79985ad388f43373e1671db3a0c6ec6bbd1','09ed9e6d3bafd208cfebc739668265d4fda8c92bf3c6a9b5d63af9d3c2fee5e9'),
('10002','2449','6673d48b0e3c30af9326590f14bfa92c9d2fc651bb5fa9bb884c0363c709e0e0','a919a6e4e9fd8e78d9f469ea01e809c4e19315c77bf789159b83ee130a7fd9cd','0a41641f2c7da957d9abff9051c9018ac9bfa942c038b5a8c1f94377a53895a4'),
('10003','0','d823d214be2b9a4e04f2ab4c534df0d91ec98ac87ddcad27e0c81fecdb4d3e8f','503e7c088f7873af02f8008514171ac1fd41ab9a716e77f584a68776488b6db4','0ccd1c6ffd825bd2a32c67e76646714a8f830ba09054a88b90bd70e2f79e1eff'),
('10004','3943','6f632ea7c7917f5af92b291b625de89f23e28610d33a21920de73335ba83cb83','880aab34bf2611108f942f34bb2a8772b16fafe027d8c40a80207a0a6be2f843','0fe654c29cb3c2139d4c1effaf3bbf2bedca1ca5babb4355a863889cee0abc9e'),
('10005','405','4223bde85905518412025b1527b0c9eb4405701236643c4337ea19ce231f525d','2e8c753ac10898e9df59c5281352b69a9616cd07b71ec76a4be84b38b70e6a17','106282b345e7b628b69efd6caeac720fd4b3479a51208eec64f46fa73f78a560'),
('10006','20','b00eb6f854c0525da461115d302c8889a8b6cc0ce6220f7c3b823c821e6e0e9d','b05c886edea596333dcae691d32cd356b7be94e76137a26116c84c9ba7dca31e','18ba30fe55b041fe6cc64a3f2cce60cce45b15830f4275d84434cb02624058a3'),
('10007','13577','fbbb5afeee4252dbab419f4f0e1af0215019067c8d0f828069004d7b117dfc61','dca4f0264f10c05484a0fccdc69d2b046847e444716b43b9c958323d50aef4f0','1991b7d4392f7b49d567b2547ed8781b2e38d8209d1afd9e7b0c8ef1a5ee0594'),
('10008','1842051','dc006fdcb1194e66cce0d4b8bc160a03851b826ab4a884d2676cb14458f81cb2','f7e3ddad21339aeafa19f5b4ca3e78cdfec394b512310c749446185907610373','19ccbe1667111de4bf62051a8b8f92bd6550a7e3a31de9ce138463cd238dbeae'),
('10009','6011','10d8ad93f8bfa9c8aba0ea8bf947beb8352600df203cd70e5782796dd353fa3f','4965755a7cbeeec463e528b9283c1fa789de5fd71e49250a215381d95f323285','1cb29f1173758117e64d9fdb8f7feab9138774e5e806f65803e1213ecb2c2f4f'),
('10010','531','63a4c24c72c8b294f9baf7c5015137b021c0c0247d6559b3a7bf9dd601fb6fd3','cd1f00b65d2b8bb877b2d8fbf1f1e8f38c670f8a0c029dc6b3db1047470e00f1','1f7aeba52ab84ae80873763a11d817c798456a2fcfac8df419b5c9778ea91e2f'),
('10011','200106','5d7b4d1689263354457364b24dbfe2058a412f7412cb39f3794783391420832c','f66a182fd01502c1c937c7782b9f61764413fe2125130b33382e035b648ce717','207690f91b656e1553f593c6b8fdb29afb65ee0a7922a070c86aef6c8d631d24'),
('10012','556861','e53422e0f011103150780e575b7e4d39ea5bd09d21d5f43050aa886862aa4475','d77b2835b5fba7b84f736967dbb08228007fe84b0f40eaba87ad4746933c1e6a','216115f032cc0936154d6f22d190551ff6e48d5051c9fefedd0301438d4f1f7f'),
('10013','7','de619fa408ed8f2aa8f5c48eb223399e06d6865ee4e25cb22a4c66547b27c9f3','499a8fd33a39a7cdb40891b2dd46ea9cdd393ab3cc9fec4ac79d9045c4cdb470','269218e971224c9d4695a05cec225d6c8ea44e8a49119eb5d4f7a2127c097ec9'),
('10014','0','d3f8bbd7db0c54b65d98a1535e4469da2b63469665ecee7919b05e5568c7a73e','e282b47ff01d8623c0a037331210ee350bc212281e672c45518c2cfdc2d8226e','26b11b6e54b27583223953c44b72324c8140b7dcbcbc4330a92a023ec493935c'),
('10015','195111634','f9fb3f5cd8874b31755886b0d06056cf74601082079d6262a760cee63531a42f','6e8df6b1009fd4f9f0b1484b22ff70197fd5f069abdc2f97443a7e96077213cd','27859a832ff2702b0926dd1ae0b211070f89f6b46bf5c0048a53e0c6c009aff9'),
('10016','301954539','a1ece2ef1c64a6c99b299b28b019498c7dc66ff1c71109d9cee58e9b09f1ba3f','6c34031ef007bfc8c6686644f2550ac8e73f109c9acce6c70dd91431a4747e3e','2beb74df04b244a7208f377fa802ec91cd1db62d5d15074cde2025111a5c023d'),
('10017','373','0fed0132204840d15e6380f52f60f8dc869ae1f5a9b9e1c9597aa954a13fed45','dcaca7fa277c7c1b436e2dd04d44e091e47046c661238a9b1aa27049bbeb226a','2dd165d5138393c8ab7614b1ef3cd367e52cd52df365432b60f45e6f68110d7a'),
('10018','53140','5482d593b669c42d5405ccf68eb40c9a8847493e4d0e69bc09e4d9e1829c6636','376748fc34fca1cf246e51ddab95904e6e747c657ebb1d4f6636cd0133bd3f04','2fa6c3017ddb8a15cfa14d31415704b39be00095674dcf23bbceec73c71fe211'),
('10019','131060','c42a76fb393239da67e70b452ee9a2ee9c75ae614cd456d7285972e518f0157b','67bd13cdef79b31622cd48f54dc718f6f63c8fe8952d61404ececf1052a9e0ea','32200e6930fc059aefe87ce6f96ebfa7796e8f9fed4575aa54cf1a150747a3bb'),
('10020','744817','28027212c47cede05f2c5c79948e9f8f0c4fb560bfdb96fdb2889796e727147c','06e362e55b731d3ff9ca4d6b9f96e0d8eb248336755b12d0485c7dee50fc90e7','3321ad21ae92f867812eb19a42b232941919be9e3f51840a5fa93ee18f986485'),
('10021','3','fec7389851266032361ab05bc2fba8387be014862d6e366c040fd7b7f3e1f745','18517bf61751500a8f77a0f4b8567290e3fbf82306b9d74e21ea0d36cd56d5e0','34b42e7b16d4162d77f8ad6de4f02c504bcd3a99c2ca8b1c475d3ad480f94e33'),
('10022','0','7665f2a9a326027dd8308491534c766f8e67460b32d8d62cdcdee281f0970774','22e393d5ec42efc3dca333064edea9a8c9e718ac04d60656262891ad24df1510','3e41b87ddc1b1edcb160fa52d2046b085c2d083cee2b3714994ac4bd72b21ba9'),
('10023','67706','c6aa12811d238613cef9f49f69ac830e6ccb03f6a8f373f56e30f9c3011725a8','dba13b3e3d9ea598b875d3cd4e2d946b238a2b5cc8cb7a7df7c258a5ede71d2e','3e5b3d2bd3950faebc3a8170ce8954d71340a3f936fb9501adfa10bca7ca2ac6'),
('10024','86736','a5e4dbaf555744874886b287b0897636a44f7bb19524eeafc5faf9f3c7146679','4935b3c85f9c2d89a595adb21fe1281419077e30abf3eb6813e1c8fed1567bf4','457191b7be38835103b70e1bea3c75362ec9086ce917945630d06e54dcd31d2c'),
('10025','4190','fccf138b8b4a4c97e2978b988dd1e57a5984f58feacd7ec269cf512e8db3f868','25c7a0a9ad5b3575585142810df48a444be39feea5095b8ab3d3b7c3ff9a8bbf','4bbbaf163d67baf072eb63eae7a0a863fb5f1da04a8ea76c6f556bb5438e96ed'),
('10026','761','11ed04a90634df02d9fdc041e0b792c2fad64ae9e3bca26876b3fbfeb6d1b5f4','80a5b8098ddae39bfcd5a2f4713d994f7ed43e717819c36d703a8fa1109993c9','4c3aabf2107bde6f9162d820cdf216ebba1d96338e3c5abf74a349bd233435f0'),
('10027','5226034','0d0f0f256d9a03f58b9fb89e1db9e1ac1a6ad5ffbf00e8374ceedf3f80f1458c','ac78eea3eedc7b6b6c6e8270810c9a86d07681952ae99a29d4deeadd2b59c0f4','4e627669af20d3703042a82d9eae92523dcfeee7786e2f302fa166e539fe3511'),
('10028','1972','d9808eaea34d3a99128adfc46377b1c32ce10474f3a98023acd3077b408dc9df','42260d76e8dc71c1756513f787b0d675d36c5532ce718bba941df7bb758060ab','4f21aea2779c8c27473f5e3b816ac89ce544de97361c5b45fa569877a9911d90'),
('10029','70576957','ae3839f4dcd3416fa350a2d2ce9dd1e20939ac00669722dcb0e7ac41cc8270be','650551482c9654dc3bbbaeeaea3b07fa1922af526b2df349aa55d14a03186f96','5450e0daff844770e005f9cee9f73ad3ba1a5450b18574f84f44a8920d3627e8'),
('10030','12','4bf03ca3599d0b5b9de18f1064ca576146a5ba43c6dd0ffb98f1b0794a961ba1','8f4df157d7d246c7c70eabef0d0d7569e39a5f2f3c06eb3f46416f36395021a9','54904f5a63b54cab9ea30c920b9a2ba23817695f9f14faab2dc72eace2e62734'),
('10031','67054','4a02216c480c71fcf567b14d0452677b74be9dde461ec62557ccb7f96fbab380','fb36d238795e46dfc383ca9313f2b2918fe1b1e31222c6a892b534173d300688','57c6dcbfbcfec07f0100979fecc007d4c9e2656bf5d5f8eb8f6853b604fefdb5'),
('10032','44','e0e53c3463072d5362d611d1c99fe60a143f0b84d962aeab751cc3627e3c3f73','236e195a546cfc3e98ba562f3619b4dc301f0467ccb0a70bbc6fb19f31b944fa','5dc0c584cbfdce6dfd335c43238ab35a4268e71863cb4090975e3e46f4083ff9'),
('10033','17568','81caad28c6eef800741a0c80c4a327b2d1e27f8da04859d12b9f24c86ef3d26d','99f8aef3a4e98f7d2c418bfbf736530de314845a342f0919ca23717933edc60b','5f223af4cc6943b3287823c0f8d6c39b1782705f68fe2b519c1a92eb09c6a903'),
('10034','18','8469273d1ef98d61c8719a8d5bc05967ed1de3a58e8f729c118377cfdd1c10ec','561cb3153c84f578970fe75a1c6a8e8f289c5b0a89d72f6c78d55f46fd0bc5a5','61bf09c67d3ead3be6245b1b9de282091a28e87387275a3106f63315899ca1e2'),
('10035','0','787466e6d4ebf800f051ddb8d448ad147867e64e262c372faee82f3617c5b40d','fd7fbeba53e08440d69f9a236edfce469fd785380aca5fadfdfadaa69eea6069','6949d5abf9248bcc6963463f7511849ee421536bb1e429781b1ec78d57bdec5e'),
('10036','5840','17beac799c3f7a56ab3b9546924749774fcc49968977d0f244d4b56158727f74','6809e5df30fbf4eedf113ae9ed13f4fd4b3d9427853b85842eb47d5ac881285f','6aacd5f96fa2873ab9331b489ff6e000f10248969b983e8ef1d5cf5e8a66fb2b'),
('10037','5','d0a5a9df11d55864f61c4526f6e972e914c25ae7ca9fb65293ba01788842c368','68237a2cacaf067b0e14b7c2fcd65c3f556b4cea08909a584b3c9f234af5c39c','7106400e66bba7e0c6f6f5c98b133bfdb0873ffa7325acbeab9e41ded2a5ef57'),
('10038','5661834','a43701f88d284a97a1d5837057e772fba886be8b500767d63ad9bb323b37f780','6bcaee7320d2407ca588efd42f2784dfccee83fa46bcb895066fa082b68d48fb','7395a9b790113b9e0da866c09dc2bff4601324f5b37439ac459ca8c67803f78f'),
('10039','443405','88ce4efce6489747d88f645b5c8ccead34b5046f66d6758c43ed5f489e884557','8bda08e502d9ab8ec54d0d9ed0ec589703c01236c00999d203dd2e46be884269','73c360525d50f1f894a294cd45a29d3c4a04ddbd0046adc3e87d4e41fde3a47b'),
('10040','292','174889a740c8f2147f0f2bcb4672d74cc38e449c3cb296b05dae6000a65c4560','0eee6181c4fde2bf66dd795c4f90ac3c7ff86882852458b49d276bba8c22b1b3','767ac47ae0544e2343b35d7ad56f73035531ee2e4a45487a8a6352ea27384807'),
('10041','1','7b5ca54cdc8c9685c1a53f28533a5a6ce6c29b170259fe63ed8817c2ac9a80d0','4b3c44a3906ba72e018fe58b9f1e41abe7a4fff11d5feacf88ab14b24b8cd02d','79e1915f69e9bf554b3d9311d307b44c139d71a3e6380cd3c3a113fdde55a6de'),
('10042','1532257','12e4fcaf16e8b9398e4380ad65f01acc0d4050ee867591fd95c96e5668c7ef63','dc498c3237880eded3fb3b0621ea380a5d468b165e992c3bc9190f1677abd6e3','7a1a54dfd1d4cc013d0303fac01998a8dcad3c0dbd0f722a2b8158098ad2ade7'),
('10043','0','4bf554a841ea6b3154e6f86c1a88240d3a4b20b18e2c7e9d351deb15e3e8a1dd','9cb41b9194396ecd2fc467519644b538a8515f16f8eac7985859f6281bf48594','7cf64c3cc4531271351d1e92d475f87957dd1a4bc085b6114a4428e141e115b7'),
('10044','7','81f382cb1a2ee31966a4ff4c1629f0e8afcdd2a6c276233fc316f7860eb694ab','3bf03adfc29793c549a2a64353ac38c6b2a207955dc05e93bc6b5b8631b27550','7f1c62992a02b4b9b9e5174f8b0a3ed1e867d1f94f6615eb91b41a69b9632ecb'),
('10045','163414660','a51eb8b9918b50d6f78f162001a98606dd6d82e430970b0515d2ece8fba0631a','89df486f2f04ae17c4dc5d98af1411c508e0bf640c997789c09885b838c1c334','8135ae402ad6a7d9e8845a18e99bff5db8394147764d8e3ce53fa85246772596'),
('10046','11874','8cb7f13091e69190ac3e1214ddfda125d643308a674a4837fbdbfc05c3481037','3d92fe6ec34a47381533635f2b3194cd94967c4a58383275c5dd3b2cb2525802','8201cca27126ef493364a4357fb14d5225d4af46384f17b0d244b50e6abca87f'),
('10047','7453721','b38247c4d13cf6c05e65316b2f3af3540b3c11ffabb3361c1e5a2d874817f2f9','b096fe076cc20410050771f69a4243644ca0c74a958bf717110e9ebdb2a161fb','824e06a40438cc147aeed1d6bfd36f1b36ce81b8d0a663234aad0a1f61bf3857'),
('10048','38','edb527690f52d553b5e6d2ca78c70a247f2bde95df2176fb0a91a79f302d23c8','bcaf0060b99512c27a486ae42e13a9f83b1f51fda403218acd72460ac6402aa6','83cc2d833180e98c90f7f87193ad50ff805aa7e5422c667b43f42a38979ae7b9'),
('10049','119840','6b18360195245e012525c883f6c1102b6efcd2d0ab21d7a992f73797947a82f5','eacd98336718ed340203e54c2bd0d2aa2753e6a472446547020b766c5e82e2d0','8bfc4c4ab73fbedbe1ee677788da6fb66dc3ea7d9101413da1e16932e063acfd'),
('10050','18417','fe3abce8292fccc33c94fc17bd9b2c609c4cf11c8743461391db16a7f1845825','fe4b7e9cc1fec3f58a2dd150f6537ddf4cddd9511863fee1f6d815e6341f4b75','8e79c90a99667e893b20247dce8f25266871cdbe6b991b37a8b66f3f929a1b8e'),
('10051','0','1f2068d339406b1311e0044afc5275119cb148c4953e1fa596f85b574727d8af','df602351cffc6c06c212dff3ddfef4bc6d70eaa26e7b336820194e3fdd225bd7','9180932d52f81da58e67ac91cd44ba83983519e696bd339630b21302a1cb9a8e'),
('10052','14207861','82e3a3d0c33db42751327c57b39ca910ffd57040a10adb645350a4d72db2694a','cb394113ee424656fac76aaba69205ebfdee7972a3b73ff29485c360a293e232','927bca9763ee965db1e04ef00cda264ba417df260560a5ba5d84a6196365cb4d'),
('10053','8159269','0e52bb011a1bc03a29be7c06bc48413e4e258f69c9958d324d9071ea8a5919f9','9ea68679311413467e114bcc4c73e47121ef9177a172b347af080f8e8fb4c7a9','93edf1070cb557e637a796619e287d35a3d490ec5a480b2cdba6ed63cb209ed6'),
('10054','31005357','b6cb9d0d6b1633acab1ca7aab078d29f691e6515520c26e283c7f269ba852289','86e597c715f48701f097e536df117acc2d2d54ad951e4c507400691df50f7870','982be719ee49c48b364a1244b71ff19a36124031f9105b01657da34302ad73e4'),
('10055','713286327','2b99dbd245225142902abdea29df91ba4e509a994912e2eca50d863ea79f0ae2','65394a9d49aa31ced9733f7a666879acfd883404f80017ff5ce0f6019830dbde','98a218161f04af3b0ec654b7d9550cbf7aebfd845d682312debfb8429fe12d44'),
('10056','313896367','1dcdff7e4b85f93f2c56860ceb15e1aa8a5102db0582018932b04ae681652df7','17832c1a0be64f65b160d14b9916536f354e8c9bd8c885a6f78d044e44fafdf1','9aeb8f9f78bbb21876d788888e0f0538c5c710f679bb10bf4fcf8b1a3669ed03'),
('10057','128','f90c1d831a56dc2f4b331922e794e87413d87b9dd1c758dc59285aa25e50e708','c9ea8c3c0209420d8e761188ebae2d10a593cf3b32142255e4026f940ec86084','9b0cbff9b73c7184c078805a2bf368aacc8b8f6bfbe2d344eb398d723d2add50'),
('10058','2709183','c39c071dd9c95a7bffdf14fd61008fdc315a464bf7a786006195b64767356986','96db2ce291d09bb28b37f0f0093550d79db909f5bddb836c7103e9269acc3069','a51898c70a5319d3ae508ba3b6a9b3e4b3fba27f629255aef75b9b5bd839ac36'),
('10059','27','2785c2b8601db761dc2e571ee5f1667159664a12cb8a6169c5d7b26e2c32b6ee','6eba8fc489a04ae338259674d3d50100937dbc3e5b83a0069ccc0ae561ae5db8','a58d3a021639b035f60c3787dc8fc23b2a916ff920ba60c03b23f7751f8ca84f'),
('10060','0','7669767c8552e6c67ed852dabeda1ca0e7bfd7d2407f77712d0d4f8882bfceb2','8bce482a1de0c609cac370571f45355a3bd23002b4f66bec57e5c3b7b1bb6dc3','a64d7b7379ab9332e614bb349aaa43cc62e98f49d69bfecbd5786ce2682be673'),
('10061','818','6126e6fa210711727ce971bece4b1bc926e6e3c03c2030960c019604cd842b8c','22507770f2bce7b01d4ca2fa7db8935a96ee6d8c74a20c616e0743420d6695a6','a7735a33b029ced7a105eddbe84975620f0ca5abe7315f48b3fbc190af3df960'),
('10062','0','c74bbeaadd9e5cd8bcfe542401528ce2cc9d2b8f80761cd0b1c135ddacb38622','d8f4b16bb1206c6057405b3ec95dd1b5b1f38abb5759dd771da143127f8c8b2c','a814c44092171e6015edd8f38a7f3b85e6459088b6b722aa60c85070280b0622'),
('10063','0','16a0e30f17c15621f346323a1bdab37e0bfdb437ddfd040fd6014255c9a047be','28c19c4e3b741f575dbb9f256e8eb1820fbc059a28814b22f47dffe98b603235','aa7f1f2b8c0ccb2617bf7810d6349e41dc3546a2a22bc753f5c6702cfddd3c8a'),
('10064','25','adcb894e385d1bca8990490a32bafd7723cebf6131d931274a55a8ea1831a491','430e12c63d20e5969e016ac5ed0d02848dde0eb40aa0aecde29eb971f1416d7d','abccc06b588ba7ec4443c8f4f4853cf4c5125aa1fa019898d86497b4e44ba726'),
('10065','1223308','a7338b8b2a8283fe0422b9a13515b4c2ce37613ac0a257424a761835f73660a3','326560e73c2a628f4e7884d063d815d755e39a6217ccf7c7db1fae3130c8691d','afab3fae3efaba6e78b01d80b123caf57b1c9658fe269b0b31a641e791c0464b'),
('10066','2769','1b705dac8389f0a79ea5e245164baedef290fbd50dd38c406f42ca038b18e0dd','f152ce3ee6052b0d223dc2af1968e8bb5dbf6bb72ce333088cb227b0f6a0f016','b0461386be6418a1df01e3cba76abfa098c3e4cbbcfaa0b30e6733c0a57a03be'),
('10067','872156','abee53df5bb89bb26779e4b2b3e1beefa26e95f707ec0792cec044d702e9c897','b999829fe683c432233e4f842713a49d04c20c17bdb2c33227ce51362c7f37cd','b32f4f86d32607d81078c75fb9275393fb10db57eb690e104bf02dc143907172'),
('10068','0','fd96284a53bc07c31f1bfad1f3bad186ef3d567b68d058738da7ca4f355e7b4d','ca87040158d57e3650486c3c0d077d56a19de2d5cdd108408b312da0c7fd1633','b4baf150d6d49fe38ebf61d5b6d188755d21c679859a8543353ebbed1eddf4f3'),
('10069','6103','f2eb312692f7f94b0a39b7d343b2ab6410245c5d47879ec3dbcc4825f184bdbd','c46d806f5faedeb3c4be558d95d8a0514feb670d9f5b53b43f13711d2fd9cacc','b5e7e30ec8abca1a6b1e31c957d43f4e2282030340cb6003ae0cbfbd243ecc57'),
('10070','130759','091157c6446cf32957419050cb30d6b41054cea5a75f5499fe0a9367caa25491','a405fdfab150b410b860675da5db576ede51cd80982a29e1561748636a07f4c3','b9fd99e490e105eb3926b25d4ded43afb90433f036613558c0cf682934afdf50'),
('10071','28753','c57e62c9fee1ee0c103818f0ae1ceab454ca210a8b7f0a78caa9ca00ea9436c8','ab09df52b67653f4e6f196b922d1d1361ae9c17d486b8bf953917eddb82e337f','ba1c2373e79dd20fb0e6a3d99d972023e9c8629a99967346a353f97c7fd8346d'),
('10072','9064496','34d5a7f727cae4ddcd920583f4e971e8f190d3f76f0f0979e2b894fb14789837','44022c4c174d1f1b411cf3fd74d33abe384282d7310bdb9988dc51ee501474f5','bdb19081d0d6d82104fcc9101fe0249ef89c3e3189ffc6fe5244333a8108bd2f'),
('10073','3871','8dedf5d256cd4bb97049a8c8a2e5c63e765c878825dbf8ecd19538aada12ead2','1711743624891aa29ff93d5f6ae3a41306d41af0313639d498d10cd215fe116f','bf2f9d26b9cf7d136de66c51657e81265aa6ccff162704288dd59a4dcfd7b04b'),
('10074','7722','f2dc4e70f1ba3e6c8284af7cf045df6bea8e020a94608c90fd9740b448e3f366','109029f27f41b7fa2ae6a23c8bd64df4bfb708988b3db1dd91e120f5d7df6158','bf825946b8ef04026be7c15c97c0642e8fb63ad8af2af5b1dca236ef56232366'),
('10075','64','e20ee78efcd2a1f81d4af011f2c8228e0b6b52fa42e361994bcbf6429546b9f4','210b1ebeb88ef172a350d3b92f76414756088abc0dbc0f3fd3e223f22a4adedf','c2defa2814b29f948d6a7ca2ed098d4dcaea0e6ca594f07372500ed1774aec5c'),
('10076','3905','562db635dff0d71795e6405748a3c8623ba020072fa91bb5f5eec22bbd4b992b','ed608d0fb5aa8f326c41530be61dd6e06785456e3b5e57b4bab4153f0706828f','c779f469199919f7e3d66714a3a201279fe65ba0558505caee2a311393702215'),
('10077','577','ff70c897de86a7b801b60312cb79d416a930d053ffab659c1ed6fbbb2cb5da36','b1c4e75f5aa27ab602574a4f495c5a7f96d58c8d29dae6121f2d370842fc5c25','ce3f13df2d2e9c87bd9073c0358d3947a47324d0707f3927bfde72f929f0a6a3'),
('10078','60610349','d2aab0d43f893fdc9d19f56068e8dfb79e89890feaff7641150329887185658c','3e7baad9b5846e080aaae47153cd0b81b95efddce22149b43bb971e6579aee9c','d1619c3309aad98920559ef15809f7ca1a42ea2805397ab4fe413856ac2823e3'),
('10079','105492','6eebf41d4ced6f04ebd3d0977f746712462dddca1ca8010658b173d39cac0809','40f396c0603485f2cb25b7a27ef31ec55c334f5993ec1e7e939ce53b5ee7aa8f','d539162fd34fc9e60caf3438439a14bd91c4d1d4875226dbe9c8d7790b048605'),
('10080','3259320','3e5c0d1ef55ba86a595e28683ef9d3ba9d58cb6f5688331ad738cc5bb12003b1','4884894ed5efbc3fc42f295c3d8a451fbd2e43a005894dac7f955f411cc0c564','d7ee0ac47b778d3ed9dfcc058378cb2d71108123f68efa637690b85f2da5413f'),
('10081','148434','86d5fe49a6a132912aac49463ac784a5031e37cc7ac9fbca09bfc5c001b4a90b','4e3917b7b9b7819b93cfe09718bdfde4e0a87c1bf6e4b6b51b3e3d37b94668cd','d80528542bfae23404f29db54cbffaa07838d744ff865e411ca7d1adcff9e9df'),
('10082','0','8f1e266fc6c9428106e76f39d5b282445302b353f58733d9f6645a9fc28c2ee5','28b8d21195ff049ea6a5cb2566a1c120a79210a95b18d27c35e98669c92108af','d9ad2737d9c8380f8ff231726ef1f181b505e67f6691a3a337f37d70248957d3'),
('10083','3150','25211a9930f1d5ed24557102c33aaca932dbc8eb3787318efec74322424c0111','89f344703ae52e294eb5f730432254219a1024a1ed3a2d50de73783fe955e391','dab574f550385fc6919d1293b041ceca69ac55f264b441174ab2017ca3cbc178'),
('10084','351723','2c78174aaa51b1460c8a46e7fd399d1db6588be754ff11527a96058dcb311c52','b418f76a7c54465f6dff60b4ed47145fa4636a185dc1ae3e5b3c0405e56544d9','dada93af533bbc11a025554c5f4436922366f0b43870b35cfc8d182890172b6f'),
('10085','49443','8efeaf0a5cf9bf50ff4708d3e8c9c4cf326b72794b828c0669a0d5045e949ae9','99497370bedd15d5595cb051b2af8c433c8bf0839d7726fc7eebcc0fef5b7b6b','e2a705e046a5be2eccec974b30a118eb9988ca1c0ae78d7fa60342bef43dc137'),
('10086','5516','c7fbfbce5a3881b76eeb331a187aef237c86c2186fd47d03863ea79cbe7d6904','caecfeb88990c256637680cda061677ac7b2deaaa433e83f98adf2b4a3f5cc2f','e59f4759ba92bd00c16927fa0a915fbdd28237cc928099d332af85530bd72d6f'),
('10087','0','d29ae32b8e92cf7a82f944dd77f4ff251cbaf33f0b419126978ec6fb555f1eb0','0c28af632bc01e7a2c5fa6d8e500a972be8ac619b0e6afaf49a3425bd0d19423','e6dc6fb43d3c8292d3b21a67c12b094ed89fb247c9d3a99db64941534795d32c'),
('10088','0','c75c9a7c6c637a7efc66ae8f4bc75305a832b158d122757a0f801118bbd8add4','f7d35b4879c2736446055d68bfebb346f8c3a275459225447d56c50e6d073b49','e77a440de7c327b613b6e6eb46cc047d05c480f7ee5b50995018caaa77236e99'),
('10089','343','48a8a0becf8481f3feaf21f30a1eea4b63ed029412ef6ccbc38627ff803eba25','5c3bd41be841be0b4d801461f4e8fb5b13fbeced1fb2c8acc4447ed49b3867f4','e96712e7634240ca8a4e22b70fe0168e3f656403c3d44f5ec73c317eb56cf3cc'),
('10090','1','03919a8a31365a258b16d02faea99d37c197bd6be6f4716f003c16d775deac4a','5f1764b70b1540e58f0239f15384f3aac691511e9b35e5b337d59b5340665c26','e9709f332cee6f4f34d8a5a5e42137aed02f4588ea809100e1eb6b8d70884d86'),
('10091','14389938','8ba2a0556304a0040011c24fe5e84facbd620707acdf1e3b75d949d4a048a44f','798a109412ab1493729715ac66f985877358a73c894860432a97ae685766ae4c','e9af99b7ce2280e7822d86f645f4936d49c1220ff35b10bf6efdce242c9111af'),
('10092','9184483','0eee0c4841cb21aa02ece0636f9218b5dcb699c33a779f68887d933c3ab0e826','1ec9bc384d79e9ecfbb4227e93dc7a3043ed6a034170dd268ffca1d995716ee9','e9f2c609bec63d9f2a219a3ce0b8bb2018572d4e3bb3064a7f195ee654301147'),
('10093','92289877','d31f58c6997c9fd3f0b272dd3e91eae89aea5274994781c559ed75f353c4db7e','3df0fb30695c5899be981bc22e2e09cd82d8643a96930d6ad5c4725f5bf36a82','eb4cd64b258bf87f9a04526331f5a197c4d8fc9fc947223ba2f49812121d249a'),
('10094','305','e1c699e7ec3cbff6fa39c5db540c1b92f08494b63976dceb59242740bf266c15','d3d2a1abd38186d095d860115a14ec5d7c6ee257e166c126db04b4f7b356c88a','ec5cd9e43a29684eb94e70f9c53f8381d966e782430f1bdcdcaa045951e0b33d'),
('10095','268213','4bf81aa146d4e9c2cdff0ae06980da4ce715ed9f490eedd092fee94b47239df1','0ff0f898a9ac0701448054a6e17fc74c895498d665c07ae5628c5148ade20796','ece4b406964b28f128a2773afce75c0acaf76c628e105b6ec924857055345fb1'),
('10096','0','961be836312ef219f325797af100478c8a5471c565b2d708c8990bb0e6f15de5','3fd47b7f8e8147d8fb23d63c63160a17026e04d16c66e05c0441dafd5b1f9945','ed1a0b1d89de2e50009ddcc32e5ed4dc4c5831ea4257456bc62d29e7d39541fd'),
('10097','26','b3a22c96244bc9127574ca1cbd13d8f4dae882ccfbe8852234d02b270a917317','8af9f77c22c998762dc39d44daba54c89bf9c7c0aca1fbab94eac20947e78f78','ef2e0c2da35d70da3d6d33ef1536d11debe8733398924f7217aab2f937c559b2'),
('10098','534497','555b548ee3bfd3bc269c3f86dc009f784b522143d93f7668041f5255994b6d6e','3dce7e6a0c38249d24e0f47296d0725a656a2ce1061e31e9e1a749c9964a4706','f047ce6ac0141deca6ad6d40c34b81c3c2a8310876c8e1a1f8d226cd055129af'),
('10099','0','2d5ded2160e697b213e001af054cc9c034a86eaa362322b7b44f80bd2bd8032b','a9d27b257f74d5f034b6fd42db14b87c23b18a9281cfffb59e29772b91f4653b','f6286f09c4ebebaa792634c32c57c01bc1efae00e177a337de62df2d9cd32c9a'),
('10100','4062220','0eace46f090bc6b54ff7d6949cc9f79ad44c248f3bcafff320bc8360bc89d71c','c2cacead7525f7e07fa5c68bb1fa865c79b2a75aa1a95c110f91e695440f7bd7','f7a0a915ed1860092dd053e94dceb4a9c1fb2ee929a95601a9881052dc0f4709'); 


INSERT INTO `messaggio` VALUES ('15001','1983-01-03','1','8cf9ef185a8a9f62aaf6b477818f98d258e8d07c652f8cba333b6a6bc69076bb','09ed9e6d3bafd208cfebc739668265d4fda8c92bf3c6a9b5d63af9d3c2fee5e9','09ed9e6d3bafd208cfebc739668265d4fda8c92bf3c6a9b5d63af9d3c2fee5e9','10001'),
('15002','2013-12-23','0','461e77879f100af30b47199fe5a05726e9488c6137f4f988d213cddad004e6ce','0a41641f2c7da957d9abff9051c9018ac9bfa942c038b5a8c1f94377a53895a4','0a41641f2c7da957d9abff9051c9018ac9bfa942c038b5a8c1f94377a53895a4','10002'),
('15003','1977-04-24','6','0552d7620c015e16dfd1cd1755822ba6d183abf0c5c67b31ee692e002d585af0','0ccd1c6ffd825bd2a32c67e76646714a8f830ba09054a88b90bd70e2f79e1eff','0ccd1c6ffd825bd2a32c67e76646714a8f830ba09054a88b90bd70e2f79e1eff','10003'),
('15004','1990-06-12','8','ddff4dac852810153d85ca617602adfd26094938a1ad809338cba4ef7b12ef05','0fe654c29cb3c2139d4c1effaf3bbf2bedca1ca5babb4355a863889cee0abc9e','0fe654c29cb3c2139d4c1effaf3bbf2bedca1ca5babb4355a863889cee0abc9e','10004'),
('15005','1975-03-28','2','75624f13acaa7811c56c0dfa00e5c8f2cf338ccdd006aabb87e9bc13e40607ab','106282b345e7b628b69efd6caeac720fd4b3479a51208eec64f46fa73f78a560','106282b345e7b628b69efd6caeac720fd4b3479a51208eec64f46fa73f78a560','10005'),
('15006','2005-12-30','2','e910f86fc6df9b3ddd786efbfb6f8a11e1471946021f7afee20ba663867b9b0a','18ba30fe55b041fe6cc64a3f2cce60cce45b15830f4275d84434cb02624058a3','18ba30fe55b041fe6cc64a3f2cce60cce45b15830f4275d84434cb02624058a3','10006'),
('15007','1985-05-19','0','cc343459b5f3f99942818e8761f7260d8a5452af5c091423f8492a39b3372828','1991b7d4392f7b49d567b2547ed8781b2e38d8209d1afd9e7b0c8ef1a5ee0594','1991b7d4392f7b49d567b2547ed8781b2e38d8209d1afd9e7b0c8ef1a5ee0594','10007'),
('15008','1988-05-06','0','6925035fe8daab15b89e31dbd93e33fce360c24db2faa54cda268ffad8553e1a','19ccbe1667111de4bf62051a8b8f92bd6550a7e3a31de9ce138463cd238dbeae','19ccbe1667111de4bf62051a8b8f92bd6550a7e3a31de9ce138463cd238dbeae','10008'),
('15009','2016-05-24','0','4ff4b27a832b3dcc1ff82768c1d7f2ce0341287746c11cdc4806c439bce60da7','1cb29f1173758117e64d9fdb8f7feab9138774e5e806f65803e1213ecb2c2f4f','1cb29f1173758117e64d9fdb8f7feab9138774e5e806f65803e1213ecb2c2f4f','10009'),
('15010','1985-07-02','1','54e720db321898a0fc068fe2b7363b565cda3765167feba418398cb7b836615f','1f7aeba52ab84ae80873763a11d817c798456a2fcfac8df419b5c9778ea91e2f','1f7aeba52ab84ae80873763a11d817c798456a2fcfac8df419b5c9778ea91e2f','10010'),
('15011','2001-09-16','8','a95f58b11948a13a8b02b2c0942291460905d77dbbb195234a3bbcd8b5b0b453','207690f91b656e1553f593c6b8fdb29afb65ee0a7922a070c86aef6c8d631d24','207690f91b656e1553f593c6b8fdb29afb65ee0a7922a070c86aef6c8d631d24','10011'),
('15012','1981-02-12','4','1262a0a874625e335aec6c6596c0807d2cfa45cf96b047c4a92933aceb0c8133','216115f032cc0936154d6f22d190551ff6e48d5051c9fefedd0301438d4f1f7f','216115f032cc0936154d6f22d190551ff6e48d5051c9fefedd0301438d4f1f7f','10012'),
('15013','1979-07-15','8','025153500d0badb6fa69a164a816d4f4e61486d5f89b4ffb55c9146ee60c80ba','269218e971224c9d4695a05cec225d6c8ea44e8a49119eb5d4f7a2127c097ec9','269218e971224c9d4695a05cec225d6c8ea44e8a49119eb5d4f7a2127c097ec9','10013'),
('15014','2011-04-20','0','115cda409c382147f3225bd0e935306f741cf2e1d37608e24a390fba702f2e34','26b11b6e54b27583223953c44b72324c8140b7dcbcbc4330a92a023ec493935c','26b11b6e54b27583223953c44b72324c8140b7dcbcbc4330a92a023ec493935c','10014'),
('15015','1990-09-28','1','ae0f37eaa404abce5004d4642cbce4f577350b4d4f80c1888edc125e340d216a','27859a832ff2702b0926dd1ae0b211070f89f6b46bf5c0048a53e0c6c009aff9','27859a832ff2702b0926dd1ae0b211070f89f6b46bf5c0048a53e0c6c009aff9','10015'),
('15016','1977-06-26','5','c612860ed642bf877d22f08188bc3b14ce390d7bb23504e46b5377156aa661cd','2beb74df04b244a7208f377fa802ec91cd1db62d5d15074cde2025111a5c023d','2beb74df04b244a7208f377fa802ec91cd1db62d5d15074cde2025111a5c023d','10016'),
('15017','1997-10-01','6','e38127f247b2687c556298c668a077072ae5967d97eb86d81452223d6caf8c06','2dd165d5138393c8ab7614b1ef3cd367e52cd52df365432b60f45e6f68110d7a','2dd165d5138393c8ab7614b1ef3cd367e52cd52df365432b60f45e6f68110d7a','10017'),
('15018','2008-04-10','5','3735ed91af065beaa2adb822823d5e9c879ec3289ad6786016c2939bdffbf20a','2fa6c3017ddb8a15cfa14d31415704b39be00095674dcf23bbceec73c71fe211','2fa6c3017ddb8a15cfa14d31415704b39be00095674dcf23bbceec73c71fe211','10018'),
('15019','1997-08-13','0','24daa8fc79b94eb61ea2d9b61541581451271e89d4b699c012674a6ce08402e3','32200e6930fc059aefe87ce6f96ebfa7796e8f9fed4575aa54cf1a150747a3bb','32200e6930fc059aefe87ce6f96ebfa7796e8f9fed4575aa54cf1a150747a3bb','10019'),
('15020','1985-09-05','7','581d1f96ed2de149dcb76d513d0fa768f7d8e43c8cc476e0e1da56b4aa49a5f1','3321ad21ae92f867812eb19a42b232941919be9e3f51840a5fa93ee18f986485','3321ad21ae92f867812eb19a42b232941919be9e3f51840a5fa93ee18f986485','10020'),
('15021','2013-12-30','6','7e24bbe11a1fd5a497ec28c35cbec41b5260be84fb91ac2ba9efb5a4805350a5','34b42e7b16d4162d77f8ad6de4f02c504bcd3a99c2ca8b1c475d3ad480f94e33','34b42e7b16d4162d77f8ad6de4f02c504bcd3a99c2ca8b1c475d3ad480f94e33','10021'),
('15022','2001-12-15','6','cee96b058207286bd2a3b8cd2643fdac85e70006d284076b6d9e833a52b380ad','3e41b87ddc1b1edcb160fa52d2046b085c2d083cee2b3714994ac4bd72b21ba9','3e41b87ddc1b1edcb160fa52d2046b085c2d083cee2b3714994ac4bd72b21ba9','10022'),
('15023','2013-07-04','9','f464608203708292a83cea173db33940c70fbf966b8d8af7ffce3421752a5cc2','3e5b3d2bd3950faebc3a8170ce8954d71340a3f936fb9501adfa10bca7ca2ac6','3e5b3d2bd3950faebc3a8170ce8954d71340a3f936fb9501adfa10bca7ca2ac6','10023'),
('15024','2017-01-31','2','8e1fd7aef039c26d86634da3629e50b2ebbedba48bc1e3ff272075cb3dc97249','457191b7be38835103b70e1bea3c75362ec9086ce917945630d06e54dcd31d2c','457191b7be38835103b70e1bea3c75362ec9086ce917945630d06e54dcd31d2c','10024'),
('15025','1970-08-08','7','be48546eb6c29edd80f13d96a17d32691bf2e536365acd409d22b728c70141a0','4bbbaf163d67baf072eb63eae7a0a863fb5f1da04a8ea76c6f556bb5438e96ed','4bbbaf163d67baf072eb63eae7a0a863fb5f1da04a8ea76c6f556bb5438e96ed','10025'),
('15026','2017-10-31','4','ff80486ed3b4ce0e241661ab4393a1756e93e4964073bdc38543c1e08214a4f3','4c3aabf2107bde6f9162d820cdf216ebba1d96338e3c5abf74a349bd233435f0','4c3aabf2107bde6f9162d820cdf216ebba1d96338e3c5abf74a349bd233435f0','10026'),
('15027','2004-09-18','2','aaaf5ad81a9d49c8557a53c2f4561a90eb7cd17da5a29002101a40979cfac16c','4e627669af20d3703042a82d9eae92523dcfeee7786e2f302fa166e539fe3511','4e627669af20d3703042a82d9eae92523dcfeee7786e2f302fa166e539fe3511','10027'),
('15028','2009-07-06','0','96f96f3db99a5ec8883958c7978ad0f82759d8db380aefbea4610c1e743a74b9','4f21aea2779c8c27473f5e3b816ac89ce544de97361c5b45fa569877a9911d90','4f21aea2779c8c27473f5e3b816ac89ce544de97361c5b45fa569877a9911d90','10028'),
('15029','1975-01-01','4','953a51c39ffad7db58a525c4fa70bc9de878c01c831e044193f3fa1be3bc7fbc','5450e0daff844770e005f9cee9f73ad3ba1a5450b18574f84f44a8920d3627e8','5450e0daff844770e005f9cee9f73ad3ba1a5450b18574f84f44a8920d3627e8','10029'),
('15030','1975-12-17','3','1d27b15ab23d9da01b73c0593ebda5e1594528c259a1dd779439dc929b657fd3','54904f5a63b54cab9ea30c920b9a2ba23817695f9f14faab2dc72eace2e62734','54904f5a63b54cab9ea30c920b9a2ba23817695f9f14faab2dc72eace2e62734','10030'),
('15031','1981-07-11','7','36d2c16ac0436d366dd421c5abd5b0f112ab52b3e836bfbb9e1a6eb7fa7e95b1','57c6dcbfbcfec07f0100979fecc007d4c9e2656bf5d5f8eb8f6853b604fefdb5','57c6dcbfbcfec07f0100979fecc007d4c9e2656bf5d5f8eb8f6853b604fefdb5','10031'),
('15032','2011-06-08','6','46d0e6e68ce5cf3b3abf37ca6f13909eaae5f3ca7581f3577a51cb684323f9fd','5dc0c584cbfdce6dfd335c43238ab35a4268e71863cb4090975e3e46f4083ff9','5dc0c584cbfdce6dfd335c43238ab35a4268e71863cb4090975e3e46f4083ff9','10032'),
('15033','1971-08-21','7','c0a5f7b9242328c52c665185fda2666a57736d47890f8a6c657f29040433c051','5f223af4cc6943b3287823c0f8d6c39b1782705f68fe2b519c1a92eb09c6a903','5f223af4cc6943b3287823c0f8d6c39b1782705f68fe2b519c1a92eb09c6a903','10033'),
('15034','1986-07-11','9','e99c6dec57056d83851570ac40819d3fd08baca8be7452abbeb0ae2593605638','61bf09c67d3ead3be6245b1b9de282091a28e87387275a3106f63315899ca1e2','61bf09c67d3ead3be6245b1b9de282091a28e87387275a3106f63315899ca1e2','10034'),
('15035','1983-08-24','7','d6f9ad15022e4084b858eff3d2c0d173462d466fec8ad3e5d639dea9e84386b9','6949d5abf9248bcc6963463f7511849ee421536bb1e429781b1ec78d57bdec5e','6949d5abf9248bcc6963463f7511849ee421536bb1e429781b1ec78d57bdec5e','10035'),
('15036','1998-01-06','4','4e3abde2a936d5084713bfda30373309a131d1c44c4d235b736b8e0ec9e7151b','6aacd5f96fa2873ab9331b489ff6e000f10248969b983e8ef1d5cf5e8a66fb2b','6aacd5f96fa2873ab9331b489ff6e000f10248969b983e8ef1d5cf5e8a66fb2b','10036'),
('15037','1997-05-18','8','c52ed9f92d66410295bedc6ce261a73419030997731babb0821ae92841a3a2ba','7106400e66bba7e0c6f6f5c98b133bfdb0873ffa7325acbeab9e41ded2a5ef57','7106400e66bba7e0c6f6f5c98b133bfdb0873ffa7325acbeab9e41ded2a5ef57','10037'),
('15038','1987-03-21','8','f6d91156f0a6692962f9264959d1194dfc2bd7e868b1ddac1c8d641051c9f104','7395a9b790113b9e0da866c09dc2bff4601324f5b37439ac459ca8c67803f78f','7395a9b790113b9e0da866c09dc2bff4601324f5b37439ac459ca8c67803f78f','10038'),
('15039','1985-12-03','4','0980ad732522d96a5a2f06671394db08d46e1e30ff7813ff8720233b0a4835eb','73c360525d50f1f894a294cd45a29d3c4a04ddbd0046adc3e87d4e41fde3a47b','73c360525d50f1f894a294cd45a29d3c4a04ddbd0046adc3e87d4e41fde3a47b','10039'),
('15040','2005-11-08','2','a6c1aef4f987f855e5385b97003c7606b4afe30b886f49edd20bc32d77d4b975','767ac47ae0544e2343b35d7ad56f73035531ee2e4a45487a8a6352ea27384807','767ac47ae0544e2343b35d7ad56f73035531ee2e4a45487a8a6352ea27384807','10040'),
('15041','1983-12-14','9','0101d8389fe75460a81fc349e134a3b91fd075a813e00ffba8cffb51777d4970','79e1915f69e9bf554b3d9311d307b44c139d71a3e6380cd3c3a113fdde55a6de','79e1915f69e9bf554b3d9311d307b44c139d71a3e6380cd3c3a113fdde55a6de','10041'),
('15042','2010-01-28','4','fc71f140318280bf6c04c25c445932d5a96aa4e6eb1780c2f46f35177edc1c81','7a1a54dfd1d4cc013d0303fac01998a8dcad3c0dbd0f722a2b8158098ad2ade7','7a1a54dfd1d4cc013d0303fac01998a8dcad3c0dbd0f722a2b8158098ad2ade7','10042'),
('15043','1988-07-15','7','9b07b15a68437410b4b900542806d7fb3e5b76f531706e5b00f5ca20b224e17f','7cf64c3cc4531271351d1e92d475f87957dd1a4bc085b6114a4428e141e115b7','7cf64c3cc4531271351d1e92d475f87957dd1a4bc085b6114a4428e141e115b7','10043'),
('15044','1989-04-02','1','b1b023df5a76d3856101993c1be8bfb2c7c3b737e0496a2465865f74bebacfb5','7f1c62992a02b4b9b9e5174f8b0a3ed1e867d1f94f6615eb91b41a69b9632ecb','7f1c62992a02b4b9b9e5174f8b0a3ed1e867d1f94f6615eb91b41a69b9632ecb','10044'),
('15045','1986-10-15','9','208b8a48ea41157dcfeae455459804eb8bf05ba7da03ab9f3f20cb3e48c82d18','8135ae402ad6a7d9e8845a18e99bff5db8394147764d8e3ce53fa85246772596','8135ae402ad6a7d9e8845a18e99bff5db8394147764d8e3ce53fa85246772596','10045'),
('15046','1985-10-04','8','cf97c3e12839913e9153fbffcce62c6eda6b396a84e26bffedfd91bc859d92ab','8201cca27126ef493364a4357fb14d5225d4af46384f17b0d244b50e6abca87f','8201cca27126ef493364a4357fb14d5225d4af46384f17b0d244b50e6abca87f','10046'),
('15047','1988-04-21','5','9c0a26f9704cb5eec94beb3f4bdf9a946f258be83b245587a478d38c292c36e9','824e06a40438cc147aeed1d6bfd36f1b36ce81b8d0a663234aad0a1f61bf3857','824e06a40438cc147aeed1d6bfd36f1b36ce81b8d0a663234aad0a1f61bf3857','10047'),
('15048','1974-11-05','0','d0067d3ef25509e397971f5607bcf3d6aa57e1cbcc69027c56aa1d9f8806b27f','83cc2d833180e98c90f7f87193ad50ff805aa7e5422c667b43f42a38979ae7b9','83cc2d833180e98c90f7f87193ad50ff805aa7e5422c667b43f42a38979ae7b9','10048'),
('15049','2001-07-31','1','e2f1dc024e9ca645b56fbff043c342f855a0e38c11476c7cfad42d54d1bbc116','8bfc4c4ab73fbedbe1ee677788da6fb66dc3ea7d9101413da1e16932e063acfd','8bfc4c4ab73fbedbe1ee677788da6fb66dc3ea7d9101413da1e16932e063acfd','10049'),
('15050','1984-01-31','4','5a0bb6fd7bb221a26bf5c35c775b9b06e786844a16b1c0db5e5f7ce7b2bf3f84','8e79c90a99667e893b20247dce8f25266871cdbe6b991b37a8b66f3f929a1b8e','8e79c90a99667e893b20247dce8f25266871cdbe6b991b37a8b66f3f929a1b8e','10050'),
('15051','1987-09-20','1','fa6e53dd0dfc5adefe5a0ae8afe342eb6f2856c8bb9108338f5cbcb3edb7b80d','9180932d52f81da58e67ac91cd44ba83983519e696bd339630b21302a1cb9a8e','9180932d52f81da58e67ac91cd44ba83983519e696bd339630b21302a1cb9a8e','10051'),
('15052','1991-10-29','9','fb712c2efc83dfad78d76bacaf78ac59c806cc2592039114043e43b14907e778','927bca9763ee965db1e04ef00cda264ba417df260560a5ba5d84a6196365cb4d','927bca9763ee965db1e04ef00cda264ba417df260560a5ba5d84a6196365cb4d','10052'),
('15053','2004-10-30','2','c3b4069cc1bf9c5d1275cccd4b4d818f3ae9356ab276d8e886268b5f013a996c','93edf1070cb557e637a796619e287d35a3d490ec5a480b2cdba6ed63cb209ed6','93edf1070cb557e637a796619e287d35a3d490ec5a480b2cdba6ed63cb209ed6','10053'),
('15054','1975-03-06','5','5169d3e1e5523f54df9da858688843e65b9f4c9c16d0ed73bd4a05d42bca2a72','982be719ee49c48b364a1244b71ff19a36124031f9105b01657da34302ad73e4','982be719ee49c48b364a1244b71ff19a36124031f9105b01657da34302ad73e4','10054'),
('15055','2008-07-20','1','e49f1a16c823db79d2058fe6cf7ce1897854c1916703396f5c3f51e3b0544f5f','98a218161f04af3b0ec654b7d9550cbf7aebfd845d682312debfb8429fe12d44','98a218161f04af3b0ec654b7d9550cbf7aebfd845d682312debfb8429fe12d44','10055'),
('15056','1979-11-12','3','fa437fe0ca824c783609baef89aaf2bb73d0b9d9346a3fcb53d0f58a40104b8e','9aeb8f9f78bbb21876d788888e0f0538c5c710f679bb10bf4fcf8b1a3669ed03','9aeb8f9f78bbb21876d788888e0f0538c5c710f679bb10bf4fcf8b1a3669ed03','10056'),
('15057','2008-11-09','9','165e6e2d8a998743dc49ee56253c7de5fdc5a3b65e554bdb31f7e90507e938bc','9b0cbff9b73c7184c078805a2bf368aacc8b8f6bfbe2d344eb398d723d2add50','9b0cbff9b73c7184c078805a2bf368aacc8b8f6bfbe2d344eb398d723d2add50','10057'),
('15058','2016-06-01','0','1784c1909470bc29a8110f239062f646c4bbe27de1f8cc136046230d929524f1','a51898c70a5319d3ae508ba3b6a9b3e4b3fba27f629255aef75b9b5bd839ac36','a51898c70a5319d3ae508ba3b6a9b3e4b3fba27f629255aef75b9b5bd839ac36','10058'),
('15059','2003-07-09','7','585d71d124f7cce95a7776c5403f215bf28a75e11e8789e1c325abea9f387776','a58d3a021639b035f60c3787dc8fc23b2a916ff920ba60c03b23f7751f8ca84f','a58d3a021639b035f60c3787dc8fc23b2a916ff920ba60c03b23f7751f8ca84f','10059'),
('15060','2011-10-27','5','bb3694500a0a103b5319bc24e6b477fa2b64ad4695a18beaa2d1936101cbd336','a64d7b7379ab9332e614bb349aaa43cc62e98f49d69bfecbd5786ce2682be673','a64d7b7379ab9332e614bb349aaa43cc62e98f49d69bfecbd5786ce2682be673','10060'),
('15061','1972-03-19','3','0c987aee5b11b07c99a513b7e2323d7acdb1b9c3799ca53eae5ce44166c4eb2e','a7735a33b029ced7a105eddbe84975620f0ca5abe7315f48b3fbc190af3df960','a7735a33b029ced7a105eddbe84975620f0ca5abe7315f48b3fbc190af3df960','10061'),
('15062','1975-03-02','2','cb7981538ca983acc79002519339f2f06a2723059f0889130505e5f85a8ca847','a814c44092171e6015edd8f38a7f3b85e6459088b6b722aa60c85070280b0622','a814c44092171e6015edd8f38a7f3b85e6459088b6b722aa60c85070280b0622','10062'),
('15063','1995-02-17','1','2d15e9285eab82ae09d16881922641ece908fd2760f0f01bc20fe100009941fe','aa7f1f2b8c0ccb2617bf7810d6349e41dc3546a2a22bc753f5c6702cfddd3c8a','aa7f1f2b8c0ccb2617bf7810d6349e41dc3546a2a22bc753f5c6702cfddd3c8a','10063'),
('15064','1985-07-13','7','13d380d944c9948d6ce39fb71e213e46cade0601b4f54d504f272ce86f9926b5','abccc06b588ba7ec4443c8f4f4853cf4c5125aa1fa019898d86497b4e44ba726','abccc06b588ba7ec4443c8f4f4853cf4c5125aa1fa019898d86497b4e44ba726','10064'),
('15065','2014-06-29','2','a1dc10ead64cef745b701a420b3084bc484a36a2d34df25cd1df29f8c71a15bd','afab3fae3efaba6e78b01d80b123caf57b1c9658fe269b0b31a641e791c0464b','afab3fae3efaba6e78b01d80b123caf57b1c9658fe269b0b31a641e791c0464b','10065'),
('15066','2006-02-17','0','7ad356b007855ed396d0f6e149cdd20afd32c505e87c60fb98852307575c226e','b0461386be6418a1df01e3cba76abfa098c3e4cbbcfaa0b30e6733c0a57a03be','b0461386be6418a1df01e3cba76abfa098c3e4cbbcfaa0b30e6733c0a57a03be','10066'),
('15067','1981-12-19','4','5af1ee42ded4d0b60e10e57300b1e9617cc5e9c9a032d00944f4096958a2d3bf','b32f4f86d32607d81078c75fb9275393fb10db57eb690e104bf02dc143907172','b32f4f86d32607d81078c75fb9275393fb10db57eb690e104bf02dc143907172','10067'),
('15068','1986-04-25','4','dd0920cd28870a40670f21ec458570749372bd31fa17e8395d48176f7fd217af','b4baf150d6d49fe38ebf61d5b6d188755d21c679859a8543353ebbed1eddf4f3','b4baf150d6d49fe38ebf61d5b6d188755d21c679859a8543353ebbed1eddf4f3','10068'),
('15069','1994-04-09','1','305f4a212dbc6ad168fd712e7aa6280fbff916c86f8494195a9e5172383fa7e4','b5e7e30ec8abca1a6b1e31c957d43f4e2282030340cb6003ae0cbfbd243ecc57','b5e7e30ec8abca1a6b1e31c957d43f4e2282030340cb6003ae0cbfbd243ecc57','10069'),
('15070','1990-12-25','5','4bf6b6de08186b46ce5aff50dd2439cb137778c2665b564393cfa3b88ba4859f','b9fd99e490e105eb3926b25d4ded43afb90433f036613558c0cf682934afdf50','b9fd99e490e105eb3926b25d4ded43afb90433f036613558c0cf682934afdf50','10070'),
('15071','1981-12-23','5','172a6ed94a01aede1192829c3a6f1aa0153492049650a11642928dfc7fa1470d','ba1c2373e79dd20fb0e6a3d99d972023e9c8629a99967346a353f97c7fd8346d','ba1c2373e79dd20fb0e6a3d99d972023e9c8629a99967346a353f97c7fd8346d','10071'),
('15072','1999-06-10','0','9653418fb3f8a40dddedd605e899e8293765f0da07aa703561f5a17d9df09cc8','bdb19081d0d6d82104fcc9101fe0249ef89c3e3189ffc6fe5244333a8108bd2f','bdb19081d0d6d82104fcc9101fe0249ef89c3e3189ffc6fe5244333a8108bd2f','10072'),
('15073','1990-06-23','2','b1403885cd94aa507c16fe1ee019d892a0972781a6133c7d353254546fcc30a1','bf2f9d26b9cf7d136de66c51657e81265aa6ccff162704288dd59a4dcfd7b04b','bf2f9d26b9cf7d136de66c51657e81265aa6ccff162704288dd59a4dcfd7b04b','10073'),
('15074','1974-08-08','2','13af608fb5b9790a74ebd247c8a4a3852650a7c2be6a86820140a64524686038','bf825946b8ef04026be7c15c97c0642e8fb63ad8af2af5b1dca236ef56232366','bf825946b8ef04026be7c15c97c0642e8fb63ad8af2af5b1dca236ef56232366','10074'),
('15075','1997-12-02','9','56c4fdc6b2239c556441bb0f0b4c73480d7a8a271708de0de310d96cac7dc88d','c2defa2814b29f948d6a7ca2ed098d4dcaea0e6ca594f07372500ed1774aec5c','c2defa2814b29f948d6a7ca2ed098d4dcaea0e6ca594f07372500ed1774aec5c','10075'),
('15076','1982-04-20','4','810c3f77972959d095dcb15cabb6f704e4e89ebf85a686e1ebf0c58ab62bb48e','c779f469199919f7e3d66714a3a201279fe65ba0558505caee2a311393702215','c779f469199919f7e3d66714a3a201279fe65ba0558505caee2a311393702215','10076'),
('15077','2014-01-06','4','2a62f032b428fa5ef8994d9dd59dcf4ded602217d1ecb311766b70609f6560fd','ce3f13df2d2e9c87bd9073c0358d3947a47324d0707f3927bfde72f929f0a6a3','ce3f13df2d2e9c87bd9073c0358d3947a47324d0707f3927bfde72f929f0a6a3','10077'),
('15078','1991-11-29','7','b4f737e43472e4e50170d2ab9ca66d74905128a7bf7e9d30bcbd97deb8c9a685','d1619c3309aad98920559ef15809f7ca1a42ea2805397ab4fe413856ac2823e3','d1619c3309aad98920559ef15809f7ca1a42ea2805397ab4fe413856ac2823e3','10078'),
('15079','2018-02-05','0','b4edba84b51c1d0c845521049b0007755e49e13ffc291ccd8cf2fc28e4f78976','d539162fd34fc9e60caf3438439a14bd91c4d1d4875226dbe9c8d7790b048605','d539162fd34fc9e60caf3438439a14bd91c4d1d4875226dbe9c8d7790b048605','10079'),
('15080','2015-01-11','1','7964fca8baedc7de31b477caa997ef3ec373a600c6c77b297c69890d58d7c85e','d7ee0ac47b778d3ed9dfcc058378cb2d71108123f68efa637690b85f2da5413f','d7ee0ac47b778d3ed9dfcc058378cb2d71108123f68efa637690b85f2da5413f','10080'),
('15081','1977-09-24','1','f338b5620b21ba9fa115ba835f7c40a03302b39f8d098a973e78c5f9eb946aed','d80528542bfae23404f29db54cbffaa07838d744ff865e411ca7d1adcff9e9df','d80528542bfae23404f29db54cbffaa07838d744ff865e411ca7d1adcff9e9df','10081'),
('15082','1974-11-29','0','76687630728eae68b46add755c25fed2190883c0637f0cf6524a5a2339e72531','d9ad2737d9c8380f8ff231726ef1f181b505e67f6691a3a337f37d70248957d3','d9ad2737d9c8380f8ff231726ef1f181b505e67f6691a3a337f37d70248957d3','10082'),
('15083','2006-05-19','7','7839a06895514295e5b078373c4a720494681d0e1e2921cddd9af4387e00acd4','dab574f550385fc6919d1293b041ceca69ac55f264b441174ab2017ca3cbc178','dab574f550385fc6919d1293b041ceca69ac55f264b441174ab2017ca3cbc178','10083'),
('15084','2013-11-27','7','03ac7f194a4dee0ae4c2674498362d4e524dc5199c53237bde07bdca43145062','dada93af533bbc11a025554c5f4436922366f0b43870b35cfc8d182890172b6f','dada93af533bbc11a025554c5f4436922366f0b43870b35cfc8d182890172b6f','10084'),
('15085','1984-08-06','1','ffb215d5189960482826d6bee4bb3068111f46cd8fdb36da85be9155bf3117c4','e2a705e046a5be2eccec974b30a118eb9988ca1c0ae78d7fa60342bef43dc137','e2a705e046a5be2eccec974b30a118eb9988ca1c0ae78d7fa60342bef43dc137','10085'),
('15086','2008-05-05','6','5770b9f563c450cba42bc02b80633bcc1f702eacf742d13dae58fbaf30ebdefb','e59f4759ba92bd00c16927fa0a915fbdd28237cc928099d332af85530bd72d6f','e59f4759ba92bd00c16927fa0a915fbdd28237cc928099d332af85530bd72d6f','10086'),
('15087','1995-06-01','3','466984e50e2403a62417f3c4dff2202797cf3c1a0d0cf0caea4e9695eccfe9a6','e6dc6fb43d3c8292d3b21a67c12b094ed89fb247c9d3a99db64941534795d32c','e6dc6fb43d3c8292d3b21a67c12b094ed89fb247c9d3a99db64941534795d32c','10087'),
('15088','1994-03-24','5','b3dc6e9a56105ee7cff1f17d1506214dd7f46a3b57dd9d44554a412030b05308','e77a440de7c327b613b6e6eb46cc047d05c480f7ee5b50995018caaa77236e99','e77a440de7c327b613b6e6eb46cc047d05c480f7ee5b50995018caaa77236e99','10088'),
('15089','1971-01-19','9','eac7fbf7302108f0eba4ba481d20da6f1ae46dc9b91acdc4ef858901247978e2','e96712e7634240ca8a4e22b70fe0168e3f656403c3d44f5ec73c317eb56cf3cc','e96712e7634240ca8a4e22b70fe0168e3f656403c3d44f5ec73c317eb56cf3cc','10089'),
('15090','2015-01-06','8','f43d7ccff95b26a273b7bf99da5992c7568dade90b49506bfa08c6349adb4330','e9709f332cee6f4f34d8a5a5e42137aed02f4588ea809100e1eb6b8d70884d86','e9709f332cee6f4f34d8a5a5e42137aed02f4588ea809100e1eb6b8d70884d86','10090'),
('15091','1992-12-01','1','7a8d0ae94578a5de6cc3d5744f108f6ac07c2fe8c736d2a1323a40ae1d687fa2','e9af99b7ce2280e7822d86f645f4936d49c1220ff35b10bf6efdce242c9111af','e9af99b7ce2280e7822d86f645f4936d49c1220ff35b10bf6efdce242c9111af','10091'),
('15092','1986-01-09','1','35031246f687e0816159807d16ee5219fbd12392afd8b09c6bb060fcbae01eb3','e9f2c609bec63d9f2a219a3ce0b8bb2018572d4e3bb3064a7f195ee654301147','e9f2c609bec63d9f2a219a3ce0b8bb2018572d4e3bb3064a7f195ee654301147','10092'),
('15093','1977-01-16','8','1e1e5ed033eeac530e61c4be44368cd3c60872aec76855b23472506ab26ae586','eb4cd64b258bf87f9a04526331f5a197c4d8fc9fc947223ba2f49812121d249a','eb4cd64b258bf87f9a04526331f5a197c4d8fc9fc947223ba2f49812121d249a','10093'),
('15094','2009-04-15','5','70952c155445c5664051cc49a95f985542fadc2d7ad36e900d448ce1a7e8c4be','ec5cd9e43a29684eb94e70f9c53f8381d966e782430f1bdcdcaa045951e0b33d','ec5cd9e43a29684eb94e70f9c53f8381d966e782430f1bdcdcaa045951e0b33d','10094'),
('15095','1982-08-25','0','8b11b1cc371e5306111b525189f5be8f63958e28f66336e7ce42ad9f67d079e0','ece4b406964b28f128a2773afce75c0acaf76c628e105b6ec924857055345fb1','ece4b406964b28f128a2773afce75c0acaf76c628e105b6ec924857055345fb1','10095'),
('15096','2018-04-17','6','c0a38aa6a12c2a962b6e6d690079a296456da72373fd063f4c5e9e48f2980831','ed1a0b1d89de2e50009ddcc32e5ed4dc4c5831ea4257456bc62d29e7d39541fd','ed1a0b1d89de2e50009ddcc32e5ed4dc4c5831ea4257456bc62d29e7d39541fd','10096'),
('15097','1975-05-28','7','e9afc96b0ea6259cc311a39ebf4adf1ff3633c74f37623f368c5680e3537f8f7','ef2e0c2da35d70da3d6d33ef1536d11debe8733398924f7217aab2f937c559b2','ef2e0c2da35d70da3d6d33ef1536d11debe8733398924f7217aab2f937c559b2','10097'),
('15098','1992-04-26','9','bdb8ad33fb62f739036454d1f07eebd03e9c56bf85636a8f0252107270697ce7','f047ce6ac0141deca6ad6d40c34b81c3c2a8310876c8e1a1f8d226cd055129af','f047ce6ac0141deca6ad6d40c34b81c3c2a8310876c8e1a1f8d226cd055129af','10098'),
('15099','1995-05-21','9','912ce6f96de296e1b72ea8f9fdeb5250f8b4f4e4e90d63e69bfa9652a47bb167','f6286f09c4ebebaa792634c32c57c01bc1efae00e177a337de62df2d9cd32c9a','f6286f09c4ebebaa792634c32c57c01bc1efae00e177a337de62df2d9cd32c9a','10099'),
('15100','1979-05-09','0','bf3135959202d6ae0ae0b71ed706684ec31a21943248e0b50dd53e2bf06241b4','f7a0a915ed1860092dd053e94dceb4a9c1fb2ee929a95601a9881052dc0f4709','f7a0a915ed1860092dd053e94dceb4a9c1fb2ee929a95601a9881052dc0f4709','10100'); 



INSERT INTO `finanziamento` VALUES ('55001','835439','09ed9e6d3bafd208cfebc739668265d4fda8c92bf3c6a9b5d63af9d3c2fee5e9','10001'),
('55002','0','0a41641f2c7da957d9abff9051c9018ac9bfa942c038b5a8c1f94377a53895a4','10002'),
('55003','390','0ccd1c6ffd825bd2a32c67e76646714a8f830ba09054a88b90bd70e2f79e1eff','10003'),
('55004','433','0fe654c29cb3c2139d4c1effaf3bbf2bedca1ca5babb4355a863889cee0abc9e','10004'),
('55005','2293','106282b345e7b628b69efd6caeac720fd4b3479a51208eec64f46fa73f78a560','10005'),
('55006','7945568','18ba30fe55b041fe6cc64a3f2cce60cce45b15830f4275d84434cb02624058a3','10006'),
('55007','27818102','1991b7d4392f7b49d567b2547ed8781b2e38d8209d1afd9e7b0c8ef1a5ee0594','10007'),
('55008','0','19ccbe1667111de4bf62051a8b8f92bd6550a7e3a31de9ce138463cd238dbeae','10008'),
('55009','0','1cb29f1173758117e64d9fdb8f7feab9138774e5e806f65803e1213ecb2c2f4f','10009'),
('55010','43696','1f7aeba52ab84ae80873763a11d817c798456a2fcfac8df419b5c9778ea91e2f','10010'),
('55011','332','207690f91b656e1553f593c6b8fdb29afb65ee0a7922a070c86aef6c8d631d24','10011'),
('55012','3','216115f032cc0936154d6f22d190551ff6e48d5051c9fefedd0301438d4f1f7f','10012'),
('55013','6','269218e971224c9d4695a05cec225d6c8ea44e8a49119eb5d4f7a2127c097ec9','10013'),
('55014','2877','26b11b6e54b27583223953c44b72324c8140b7dcbcbc4330a92a023ec493935c','10014'),
('55015','0','27859a832ff2702b0926dd1ae0b211070f89f6b46bf5c0048a53e0c6c009aff9','10015'),
('55016','0','2beb74df04b244a7208f377fa802ec91cd1db62d5d15074cde2025111a5c023d','10016'),
('55017','4','2dd165d5138393c8ab7614b1ef3cd367e52cd52df365432b60f45e6f68110d7a','10017'),
('55018','1481','2fa6c3017ddb8a15cfa14d31415704b39be00095674dcf23bbceec73c71fe211','10018'),
('55019','2503737','32200e6930fc059aefe87ce6f96ebfa7796e8f9fed4575aa54cf1a150747a3bb','10019'),
('55020','414888','3321ad21ae92f867812eb19a42b232941919be9e3f51840a5fa93ee18f986485','10020'),
('55021','47325277','34b42e7b16d4162d77f8ad6de4f02c504bcd3a99c2ca8b1c475d3ad480f94e33','10021'),
('55022','28064619','3e41b87ddc1b1edcb160fa52d2046b085c2d083cee2b3714994ac4bd72b21ba9','10022'),
('55023','0','3e5b3d2bd3950faebc3a8170ce8954d71340a3f936fb9501adfa10bca7ca2ac6','10023'),
('55024','22','457191b7be38835103b70e1bea3c75362ec9086ce917945630d06e54dcd31d2c','10024'),
('55025','15','4bbbaf163d67baf072eb63eae7a0a863fb5f1da04a8ea76c6f556bb5438e96ed','10025'),
('55026','294','4c3aabf2107bde6f9162d820cdf216ebba1d96338e3c5abf74a349bd233435f0','10026'),
('55027','128697','4e627669af20d3703042a82d9eae92523dcfeee7786e2f302fa166e539fe3511','10027'),
('55028','3190','4f21aea2779c8c27473f5e3b816ac89ce544de97361c5b45fa569877a9911d90','10028'),
('55029','344499','5450e0daff844770e005f9cee9f73ad3ba1a5450b18574f84f44a8920d3627e8','10029'),
('55030','15979','54904f5a63b54cab9ea30c920b9a2ba23817695f9f14faab2dc72eace2e62734','10030'),
('55031','147402','57c6dcbfbcfec07f0100979fecc007d4c9e2656bf5d5f8eb8f6853b604fefdb5','10031'),
('55032','654','5dc0c584cbfdce6dfd335c43238ab35a4268e71863cb4090975e3e46f4083ff9','10032'),
('55033','18','5f223af4cc6943b3287823c0f8d6c39b1782705f68fe2b519c1a92eb09c6a903','10033'),
('55034','12325354','61bf09c67d3ead3be6245b1b9de282091a28e87387275a3106f63315899ca1e2','10034'),
('55035','9351','6949d5abf9248bcc6963463f7511849ee421536bb1e429781b1ec78d57bdec5e','10035'),
('55036','5575678','6aacd5f96fa2873ab9331b489ff6e000f10248969b983e8ef1d5cf5e8a66fb2b','10036'),
('55037','3744635','7106400e66bba7e0c6f6f5c98b133bfdb0873ffa7325acbeab9e41ded2a5ef57','10037'),
('55038','1156','7395a9b790113b9e0da866c09dc2bff4601324f5b37439ac459ca8c67803f78f','10038'),
('55039','95595','73c360525d50f1f894a294cd45a29d3c4a04ddbd0046adc3e87d4e41fde3a47b','10039'),
('55040','30621171','767ac47ae0544e2343b35d7ad56f73035531ee2e4a45487a8a6352ea27384807','10040'),
('55041','23106589','79e1915f69e9bf554b3d9311d307b44c139d71a3e6380cd3c3a113fdde55a6de','10041'),
('55042','39750039','7a1a54dfd1d4cc013d0303fac01998a8dcad3c0dbd0f722a2b8158098ad2ade7','10042'),
('55043','2117871','7cf64c3cc4531271351d1e92d475f87957dd1a4bc085b6114a4428e141e115b7','10043'),
('55044','24','7f1c62992a02b4b9b9e5174f8b0a3ed1e867d1f94f6615eb91b41a69b9632ecb','10044'),
('55045','3371842','8135ae402ad6a7d9e8845a18e99bff5db8394147764d8e3ce53fa85246772596','10045'),
('55046','215103551','8201cca27126ef493364a4357fb14d5225d4af46384f17b0d244b50e6abca87f','10046'),
('55047','0','824e06a40438cc147aeed1d6bfd36f1b36ce81b8d0a663234aad0a1f61bf3857','10047'),
('55048','3003','83cc2d833180e98c90f7f87193ad50ff805aa7e5422c667b43f42a38979ae7b9','10048'),
('55049','624','8bfc4c4ab73fbedbe1ee677788da6fb66dc3ea7d9101413da1e16932e063acfd','10049'),
('55050','4','8e79c90a99667e893b20247dce8f25266871cdbe6b991b37a8b66f3f929a1b8e','10050'),
('55051','2344578','9180932d52f81da58e67ac91cd44ba83983519e696bd339630b21302a1cb9a8e','10051'),
('55052','3','927bca9763ee965db1e04ef00cda264ba417df260560a5ba5d84a6196365cb4d','10052'),
('55053','2083','93edf1070cb557e637a796619e287d35a3d490ec5a480b2cdba6ed63cb209ed6','10053'),
('55054','2841','982be719ee49c48b364a1244b71ff19a36124031f9105b01657da34302ad73e4','10054'),
('55055','683099396','98a218161f04af3b0ec654b7d9550cbf7aebfd845d682312debfb8429fe12d44','10055'),
('55056','17','9aeb8f9f78bbb21876d788888e0f0538c5c710f679bb10bf4fcf8b1a3669ed03','10056'),
('55057','1132629','9b0cbff9b73c7184c078805a2bf368aacc8b8f6bfbe2d344eb398d723d2add50','10057'),
('55058','357744','a51898c70a5319d3ae508ba3b6a9b3e4b3fba27f629255aef75b9b5bd839ac36','10058'),
('55059','174529885','a58d3a021639b035f60c3787dc8fc23b2a916ff920ba60c03b23f7751f8ca84f','10059'),
('55060','18769719','a64d7b7379ab9332e614bb349aaa43cc62e98f49d69bfecbd5786ce2682be673','10060'),
('55061','2510495','a7735a33b029ced7a105eddbe84975620f0ca5abe7315f48b3fbc190af3df960','10061'),
('55062','2813450','a814c44092171e6015edd8f38a7f3b85e6459088b6b722aa60c85070280b0622','10062'),
('55063','412','aa7f1f2b8c0ccb2617bf7810d6349e41dc3546a2a22bc753f5c6702cfddd3c8a','10063'),
('55064','133177945','abccc06b588ba7ec4443c8f4f4853cf4c5125aa1fa019898d86497b4e44ba726','10064'),
('55065','79','afab3fae3efaba6e78b01d80b123caf57b1c9658fe269b0b31a641e791c0464b','10065'),
('55066','1265','b0461386be6418a1df01e3cba76abfa098c3e4cbbcfaa0b30e6733c0a57a03be','10066'),
('55067','137493','b32f4f86d32607d81078c75fb9275393fb10db57eb690e104bf02dc143907172','10067'),
('55068','138583','b4baf150d6d49fe38ebf61d5b6d188755d21c679859a8543353ebbed1eddf4f3','10068'),
('55069','19414901','b5e7e30ec8abca1a6b1e31c957d43f4e2282030340cb6003ae0cbfbd243ecc57','10069'),
('55070','1377','b9fd99e490e105eb3926b25d4ded43afb90433f036613558c0cf682934afdf50','10070'),
('55071','11919309','ba1c2373e79dd20fb0e6a3d99d972023e9c8629a99967346a353f97c7fd8346d','10071'),
('55072','131','bdb19081d0d6d82104fcc9101fe0249ef89c3e3189ffc6fe5244333a8108bd2f','10072'),
('55073','7','bf2f9d26b9cf7d136de66c51657e81265aa6ccff162704288dd59a4dcfd7b04b','10073'),
('55074','0','bf825946b8ef04026be7c15c97c0642e8fb63ad8af2af5b1dca236ef56232366','10074'),
('55075','16','c2defa2814b29f948d6a7ca2ed098d4dcaea0e6ca594f07372500ed1774aec5c','10075'),
('55076','5','c779f469199919f7e3d66714a3a201279fe65ba0558505caee2a311393702215','10076'),
('55077','116599115','ce3f13df2d2e9c87bd9073c0358d3947a47324d0707f3927bfde72f929f0a6a3','10077'),
('55078','693','d1619c3309aad98920559ef15809f7ca1a42ea2805397ab4fe413856ac2823e3','10078'),
('55079','33','d539162fd34fc9e60caf3438439a14bd91c4d1d4875226dbe9c8d7790b048605','10079'),
('55080','5','d7ee0ac47b778d3ed9dfcc058378cb2d71108123f68efa637690b85f2da5413f','10080'),
('55081','30147424','d80528542bfae23404f29db54cbffaa07838d744ff865e411ca7d1adcff9e9df','10081'),
('55082','647','d9ad2737d9c8380f8ff231726ef1f181b505e67f6691a3a337f37d70248957d3','10082'),
('55083','185343','dab574f550385fc6919d1293b041ceca69ac55f264b441174ab2017ca3cbc178','10083'),
('55084','11796925','dada93af533bbc11a025554c5f4436922366f0b43870b35cfc8d182890172b6f','10084'),
('55085','0','e2a705e046a5be2eccec974b30a118eb9988ca1c0ae78d7fa60342bef43dc137','10085'),
('55086','608639','e59f4759ba92bd00c16927fa0a915fbdd28237cc928099d332af85530bd72d6f','10086'),
('55087','1','e6dc6fb43d3c8292d3b21a67c12b094ed89fb247c9d3a99db64941534795d32c','10087'),
('55088','325354','e77a440de7c327b613b6e6eb46cc047d05c480f7ee5b50995018caaa77236e99','10088'),
('55089','39854379','e96712e7634240ca8a4e22b70fe0168e3f656403c3d44f5ec73c317eb56cf3cc','10089'),
('55090','0','e9709f332cee6f4f34d8a5a5e42137aed02f4588ea809100e1eb6b8d70884d86','10090'),
('55091','773904','e9af99b7ce2280e7822d86f645f4936d49c1220ff35b10bf6efdce242c9111af','10091'),
('55092','4','e9f2c609bec63d9f2a219a3ce0b8bb2018572d4e3bb3064a7f195ee654301147','10092'),
('55093','68357','eb4cd64b258bf87f9a04526331f5a197c4d8fc9fc947223ba2f49812121d249a','10093'),
('55094','23','ec5cd9e43a29684eb94e70f9c53f8381d966e782430f1bdcdcaa045951e0b33d','10094'),
('55095','0','ece4b406964b28f128a2773afce75c0acaf76c628e105b6ec924857055345fb1','10095'),
('55096','405219','ed1a0b1d89de2e50009ddcc32e5ed4dc4c5831ea4257456bc62d29e7d39541fd','10096'),
('55097','137641','ef2e0c2da35d70da3d6d33ef1536d11debe8733398924f7217aab2f937c559b2','10097'),
('55098','897756','f047ce6ac0141deca6ad6d40c34b81c3c2a8310876c8e1a1f8d226cd055129af','10098'),
('55099','0','f6286f09c4ebebaa792634c32c57c01bc1efae00e177a337de62df2d9cd32c9a','10099'),
('55100','6','f7a0a915ed1860092dd053e94dceb4a9c1fb2ee929a95601a9881052dc0f4709','10100'); 

